Workbook

Sheet Daily_Scrum
A1: Reuniones diarias (Daily Scrum) · SCR Sprint 1 · ElDesparche
A2: La tabla se calcula con fórmulas desde las hojas Actividades, Impedimentos y Config. La columna Asistencia (✔/✘) se marca directamente aquí; con ✘ el avance no se reporta ese día.
A3: ="Sprint: "&TEXT(Config!B4,"dd/mm/yyyy")&" al "&TEXT(Config!B5,"dd/mm/yyyy")&" · "&Config!B6&" reuniones diarias × "&COUNTA(Config!A12:A15)&" integrantes" -> Sprint: 10/09/2026 al 29/09/2026 · 14 reuniones diarias × 4 integrantes
A5: Fecha | B5: ID Actividad | C5: Descripción | D5: Responsable | E5: Asistencia | F5: Duración estimada (h) | G5: Avance | H5: Impedimentos | I5: Cuello de botella | J5: Día #
A6: =INDEX(Config!$C$12:$C$31,J6) -> 46275 | B6: =INDEX(Actividades!$A$5:$A$17,SUMPRODUCT((Actividades!$C$5:$C$17=D6)*(Actividades!$F$5:$F$17<=J6)*(Actividades!$G$5:$G$17>=J6)*(ROW(Actividades!$C$5:$C$17)-4))) -> SCR-4 | C6: =INDEX(Actividades!$B$5:$B$17,MATCH($B6,Actividades!$A$5:$A$17,0)) -> Crear el repositorio del proyecto en GitHub y agregar a los compañeros como colaboradores para versionar desde el inicio. | D6: =INDEX(Config!$A$12:$A$15,MOD(ROW()-6,4)+1) -> EMMANUEL OBANDO SANCHEZ | E6: ✔ | F6: =INDEX(Actividades!$L$5:$L$17,MATCH($B6,Actividades!$A$5:$A$17,0)) -> 2 | G6: =IF($E6="✘",IF($J6=INDEX(Actividades!$F$5:$F$17,MATCH($B6,Actividades!$A$5:$A$17,0)),0,0),IF($J6=INDEX(Actividades!$G$5:$G$17,MATCH($B6,Actividades!$A$5:$A$17,0)),1,IF(AND($I6<>"—",$J6>INDEX(Actividades!$F$5:$F$17,MATCH($B6,Actividades!$A$5:$A$17,0))),MIN(0,MIN(0.95,ROUND(($J6-INDEX(Actividades!$F$5:$F$17,MATCH($B6,Actividades!$A$5:$A$17,0))+1)/(INDEX(Actividades!$G$5:$G$17,MATCH($B6,Actividades!$A$5:$A$17,0))-INDEX(Actividades!$F$5:$F$17,MATCH($B6,Actividades!$A$5:$A$17,0))+1)*20,0)/20)),MIN(0.95,ROUND(($J6-INDEX(Actividades!$F$5:$F$17,MATCH($B6,Actividades!$A$5:$A$17,0))+1)/(INDEX(Actividades!$G$5:$G$17,MATCH($B6,Actividades!$A$5:$A$17,0))-INDEX(Actividades!$F$5:$F$17,MATCH($B6,Actividades!$A$5:$A$17,0))+1)*20,0)/20)))) -> 0.5 | H6: =IF($E6="✘","Ausente: no asistió al daily (sin reporte)",IFERROR(INDEX(Impedimentos!$E$5:$E$60,MATCH(B6&"|"&J6,Impedimentos!$F$5:$F$60,0)),"Sin impedimentos")) -> No hay acuerdo sobre el nombre del repositorio ni el flujo de ramas (main/develop); se decide en el daily. | I6: =IF($E6="✘","—",IFERROR(INDEX(Impedimentos!$D$5:$D$60,MATCH(B6&"|"&J6,Impedimentos!$F$5:$F$60,0)),"—")) -> Toma de decisiones | J6: =INT((ROW()-6)/4)+1 -> 1
A7: =INDEX(Config!$C$12:$C$31,J7) -> 46275 | B7: =INDEX(Actividades!$A$5:$A$17,SUMPRODUCT((Actividades!$C$5:$C$17=D7)*(Actividades!$F$5:$F$17<=J7)*(Actividades!$G$5:$G$17>=J7)*(ROW(Actividades!$C$5:$C$17)-4))) -> SCR-7 | C7: =INDEX(Actividades!$B$5:$B$17,MATCH($B7,Actividades!$A$5:$A$17,0)) -> Maquetar la interfaz de usuario (pantallas base de registro e inicio de sesión). | D7: =INDEX(Config!$A$12:$A$15,MOD(ROW()-6,4)+1) -> JUAN SEBASTIAN JARAMILLO ORTIZ | E7: ✔ | F7: =INDEX(Actividades!$L$5:$L$17,MATCH($B7,Actividades!$A$5:$A$17,0)) -> 1 | G7: =IF($E7="✘",IF($J7=INDEX(Actividades!$F$5:$F$17,MATCH($B7,Actividades!$A$5:$A$17,0)),0,0),IF($J7=INDEX(Actividades!$G$5:$G$17,MATCH($B7,Actividades!$A$5:$A$17,0)),1,IF(AND($I7<>"—",$J7>INDEX(Actividades!$F$5:$F$17,MATCH($B7,Actividades!$A$5:$A$17,0))),MIN(0,MIN(0.95,ROUND(($J7-INDEX(Actividades!$F$5:$F$17,MATCH($B7,Actividades!$A$5:$A$17,0))+1)/(INDEX(Actividades!$G$5:$G$17,MATCH($B7,Actividades!$A$5:$A$17,0))-INDEX(Actividades!$F$5:$F$17,MATCH($B7,Actividades!$A$5:$A$17,0))+1)*20,0)/20)),MIN(0.95,ROUND(($J7-INDEX(Actividades!$F$5:$F$17,MATCH($B7,Actividades!$A$5:$A$17,0))+1)/(INDEX(Actividades!$G$5:$G$17,MATCH($B7,Actividades!$A$5:$A$17,0))-INDEX(Actividades!$F$5:$F$17,MATCH($B7,Actividades!$A$5:$A$17,0))+1)*20,0)/20)))) -> 0.2 | H7: =IF($E7="✘","Ausente: no asistió al daily (sin reporte)",IFERROR(INDEX(Impedimentos!$E$5:$E$60,MATCH(B7&"|"&J7,Impedimentos!$F$5:$F$60,0)),"Sin impedimentos")) -> Sin impedimentos | I7: =IF($E7="✘","—",IFERROR(INDEX(Impedimentos!$D$5:$D$60,MATCH(B7&"|"&J7,Impedimentos!$F$5:$F$60,0)),"—")) -> — | J7: =INT((ROW()-6)/4)+1 -> 1
A8: =INDEX(Config!$C$12:$C$31,J8) -> 46275 | B8: =INDEX(Actividades!$A$5:$A$17,SUMPRODUCT((Actividades!$C$5:$C$17=D8)*(Actividades!$F$5:$F$17<=J8)*(Actividades!$G$5:$G$17>=J8)*(ROW(Actividades!$C$5:$C$17)-4))) -> SCR-10 | C8: =INDEX(Actividades!$B$5:$B$17,MATCH($B8,Actividades!$A$5:$A$17,0)) -> Elaborar el análisis PESTEL completo de ElDesparche. | D8: =INDEX(Config!$A$12:$A$15,MOD(ROW()-6,4)+1) -> ISSABHELLA ALARCON MORENO | E8: ✔ | F8: =INDEX(Actividades!$L$5:$L$17,MATCH($B8,Actividades!$A$5:$A$17,0)) -> 3 | G8: =IF($E8="✘",IF($J8=INDEX(Actividades!$F$5:$F$17,MATCH($B8,Actividades!$A$5:$A$17,0)),0,0),IF($J8=INDEX(Actividades!$G$5:$G$17,MATCH($B8,Actividades!$A$5:$A$17,0)),1,IF(AND($I8<>"—",$J8>INDEX(Actividades!$F$5:$F$17,MATCH($B8,Actividades!$A$5:$A$17,0))),MIN(0,MIN(0.95,ROUND(($J8-INDEX(Actividades!$F$5:$F$17,MATCH($B8,Actividades!$A$5:$A$17,0))+1)/(INDEX(Actividades!$G$5:$G$17,MATCH($B8,Actividades!$A$5:$A$17,0))-INDEX(Actividades!$F$5:$F$17,MATCH($B8,Actividades!$A$5:$A$17,0))+1)*20,0)/20)),MIN(0.95,ROUND(($J8-INDEX(Actividades!$F$5:$F$17,MATCH($B8,Actividades!$A$5:$A$17,0))+1)/(INDEX(Actividades!$G$5:$G$17,MATCH($B8,Actividades!$A$5:$A$17,0))-INDEX(Actividades!$F$5:$F$17,MATCH($B8,Actividades!$A$5:$A$17,0))+1)*20,0)/20)))) -> 0.15 | H8: =IF($E8="✘","Ausente: no asistió al daily (sin reporte)",IFERROR(INDEX(Impedimentos!$E$5:$E$60,MATCH(B8&"|"&J8,Impedimentos!$F$5:$F$60,0)),"Sin impedimentos")) -> Sin impedimentos | I8: =IF($E8="✘","—",IFERROR(INDEX(Impedimentos!$D$5:$D$60,MATCH(B8&"|"&J8,Impedimentos!$F$5:$F$60,0)),"—")) -> — | J8: =INT((ROW()-6)/4)+1 -> 1
A9: =INDEX(Config!$C$12:$C$31,J9) -> 46275 | B9: =INDEX(Actividades!$A$5:$A$17,SUMPRODUCT((Actividades!$C$5:$C$17=D9)*(Actividades!$F$5:$F$17<=J9)*(Actividades!$G$5:$G$17>=J9)*(ROW(Actividades!$C$5:$C$17)-4))) -> SCR-13 | C9: =INDEX(Actividades!$B$5:$B$17,MATCH($B9,Actividades!$A$5:$A$17,0)) -> Elaborar el cronograma, el modelo Iceberg y el apalancamiento de ElDesparche. | D9: =INDEX(Config!$A$12:$A$15,MOD(ROW()-6,4)+1) -> VALENTINA ISABEL OSORIO MORAN | E9: ✔ | F9: =INDEX(Actividades!$L$5:$L$17,MATCH($B9,Actividades!$A$5:$A$17,0)) -> 5 | G9: =IF($E9="✘",IF($J9=INDEX(Actividades!$F$5:$F$17,MATCH($B9,Actividades!$A$5:$A$17,0)),0,0),IF($J9=INDEX(Actividades!$G$5:$G$17,MATCH($B9,Actividades!$A$5:$A$17,0)),1,IF(AND($I9<>"—",$J9>INDEX(Actividades!$F$5:$F$17,MATCH($B9,Actividades!$A$5:$A$17,0))),MIN(0,MIN(0.95,ROUND(($J9-INDEX(Actividades!$F$5:$F$17,MATCH($B9,Actividades!$A$5:$A$17,0))+1)/(INDEX(Actividades!$G$5:$G$17,MATCH($B9,Actividades!$A$5:$A$17,0))-INDEX(Actividades!$F$5:$F$17,MATCH($B9,Actividades!$A$5:$A$17,0))+1)*20,0)/20)),MIN(0.95,ROUND(($J9-INDEX(Actividades!$F$5:$F$17,MATCH($B9,Actividades!$A$5:$A$17,0))+1)/(INDEX(Actividades!$G$5:$G$17,MATCH($B9,Actividades!$A$5:$A$17,0))-INDEX(Actividades!$F$5:$F$17,MATCH($B9,Actividades!$A$5:$A$17,0))+1)*20,0)/20)))) -> 0.15 | H9: =IF($E9="✘","Ausente: no asistió al daily (sin reporte)",IFERROR(INDEX(Impedimentos!$E$5:$E$60,MATCH(B9&"|"&J9,Impedimentos!$F$5:$F$60,0)),"Sin impedimentos")) -> Sin impedimentos | I9: =IF($E9="✘","—",IFERROR(INDEX(Impedimentos!$D$5:$D$60,MATCH(B9&"|"&J9,Impedimentos!$F$5:$F$60,0)),"—")) -> — | J9: =INT((ROW()-6)/4)+1 -> 1
A10: =INDEX(Config!$C$12:$C$31,J10) -> 46276 | B10: =INDEX(Actividades!$A$5:$A$17,SUMPRODUCT((Actividades!$C$5:$C$17=D10)*(Actividades!$F$5:$F$17<=J10)*(Actividades!$G$5:$G$17>=J10)*(ROW(Actividades!$C$5:$C$17)-4))) -> SCR-4 | C10: =INDEX(Actividades!$B$5:$B$17,MATCH($B10,Actividades!$A$5:$A$17,0)) -> Crear el repositorio del proyecto en GitHub y agregar a los compañeros como colaboradores para versionar desde el inicio. | D10: =INDEX(Config!$A$12:$A$15,MOD(ROW()-6,4)+1) -> EMMANUEL OBANDO SANCHEZ | E10: ✔ | F10: =INDEX(Actividades!$L$5:$L$17,MATCH($B10,Actividades!$A$5:$A$17,0)) -> 2 | G10: =IF($E10="✘",IF($J10=INDEX(Actividades!$F$5:$F$17,MATCH($B10,Actividades!$A$5:$A$17,0)),0,G6),IF($J10=INDEX(Actividades!$G$5:$G$17,MATCH($B10,Actividades!$A$5:$A$17,0)),1,IF(AND($I10<>"—",$J10>INDEX(Actividades!$F$5:$F$17,MATCH($B10,Actividades!$A$5:$A$17,0))),MIN(G6,MIN(0.95,ROUND(($J10-INDEX(Actividades!$F$5:$F$17,MATCH($B10,Actividades!$A$5:$A$17,0))+1)/(INDEX(Actividades!$G$5:$G$17,MATCH($B10,Actividades!$A$5:$A$17,0))-INDEX(Actividades!$F$5:$F$17,MATCH($B10,Actividades!$A$5:$A$17,0))+1)*20,0)/20)),MIN(0.95,ROUND(($J10-INDEX(Actividades!$F$5:$F$17,MATCH($B10,Actividades!$A$5:$A$17,0))+1)/(INDEX(Actividades!$G$5:$G$17,MATCH($B10,Actividades!$A$5:$A$17,0))-INDEX(Actividades!$F$5:$F$17,MATCH($B10,Actividades!$A$5:$A$17,0))+1)*20,0)/20)))) -> 1 | H10: =IF($E10="✘","Ausente: no asistió al daily (sin reporte)",IFERROR(INDEX(Impedimentos!$E$5:$E$60,MATCH(B10&"|"&J10,Impedimentos!$F$5:$F$60,0)),"Sin impedimentos")) -> Sin impedimentos | I10: =IF($E10="✘","—",IFERROR(INDEX(Impedimentos!$D$5:$D$60,MATCH(B10&"|"&J10,Impedimentos!$F$5:$F$60,0)),"—")) -> — | J10: =INT((ROW()-6)/4)+1 -> 2
A11: =INDEX(Config!$C$12:$C$31,J11) -> 46276 | B11: =INDEX(Actividades!$A$5:$A$17,SUMPRODUCT((Actividades!$C$5:$C$17=D11)*(Actividades!$F$5:$F$17<=J11)*(Actividades!$G$5:$G$17>=J11)*(ROW(Actividades!$C$5:$C$17)-4))) -> SCR-7 | C11: =INDEX(Actividades!$B$5:$B$17,MATCH($B11,Actividades!$A$5:$A$17,0)) -> Maquetar la interfaz de usuario (pantallas base de registro e inicio de sesión). | D11: =INDEX(Config!$A$12:$A$15,MOD(ROW()-6,4)+1) -> JUAN SEBASTIAN JARAMILLO ORTIZ | E11: ✔ | F11: =INDEX(Actividades!$L$5:$L$17,MATCH($B11,Actividades!$A$5:$A$17,0)) -> 1 | G11: =IF($E11="✘",IF($J11=INDEX(Actividades!$F$5:$F$17,MATCH($B11,Actividades!$A$5:$A$17,0)),0,G7),IF($J11=INDEX(Actividades!$G$5:$G$17,MATCH($B11,Actividades!$A$5:$A$17,0)),1,IF(AND($I11<>"—",$J11>INDEX(Actividades!$F$5:$F$17,MATCH($B11,Actividades!$A$5:$A$17,0))),MIN(G7,MIN(0.95,ROUND(($J11-INDEX(Actividades!$F$5:$F$17,MATCH($B11,Actividades!$A$5:$A$17,0))+1)/(INDEX(Actividades!$G$5:$G$17,MATCH($B11,Actividades!$A$5:$A$17,0))-INDEX(Actividades!$F$5:$F$17,MATCH($B11,Actividades!$A$5:$A$17,0))+1)*20,0)/20)),MIN(0.95,ROUND(($J11-INDEX(Actividades!$F$5:$F$17,MATCH($B11,Actividades!$A$5:$A$17,0))+1)/(INDEX(Actividades!$G$5:$G$17,MATCH($B11,Actividades!$A$5:$A$17,0))-INDEX(Actividades!$F$5:$F$17,MATCH($B11,Actividades!$A$5:$A$17,0))+1)*20,0)/20)))) -> 0.2 | H11: =IF($E11="✘","Ausente: no asistió al daily (sin reporte)",IFERROR(INDEX(Impedimentos!$E$5:$E$60,MATCH(B11&"|"&J11,Impedimentos!$F$5:$F$60,0)),"Sin impedimentos")) -> No todos dominan la herramienta de maquetación (Figma/HTML); se dedica tiempo a aprenderla. | I11: =IF($E11="✘","—",IFERROR(INDEX(Impedimentos!$D$5:$D$60,MATCH(B11&"|"&J11,Impedimentos!$F$5:$F$60,0)),"—")) -> Conocimiento | J11: =INT((ROW()-6)/4)+1 -> 2
A12: =INDEX(Config!$C$12:$C$31,J12) -> 46276 | B12: =INDEX(Actividades!$A$5:$A$17,SUMPRODUCT((Actividades!$C$5:$C$17=D12)*(Actividades!$F$5:$F$17<=J12)*(Actividades!$G$5:$G$17>=J12)*(ROW(Actividades!$C$5:$C$17)-4))) -> SCR-10 | C12: =INDEX(Actividades!$B$5:$B$17,MATCH($B12,Actividades!$A$5:$A$17,0)) -> Elaborar el análisis PESTEL completo de ElDesparche. | D12: =INDEX(Config!$A$12:$A$15,MOD(ROW()-6,4)+1) -> ISSABHELLA ALARCON MORENO | E12: ✔ | F12: =INDEX(Actividades!$L$5:$L$17,MATCH($B12,Actividades!$A$5:$A$17,0)) -> 3 | G12: =IF($E12="✘",IF($J12=INDEX(Actividades!$F$5:$F$17,MATCH($B12,Actividades!$A$5:$A$17,0)),0,G8),IF($J12=INDEX(Actividades!$G$5:$G$17,MATCH($B12,Actividades!$A$5:$A$17,0)),1,IF(AND($I12<>"—",$J12>INDEX(Actividades!$F$5:$F$17,MATCH($B12,Actividades!$A$5:$A$17,0))),MIN(G8,MIN(0.95,ROUND(($J12-INDEX(Actividades!$F$5:$F$17,MATCH($B12,Actividades!$A$5:$A$17,0))+1)/(INDEX(Actividades!$G$5:$G$17,MATCH($B12,Actividades!$A$5:$A$17,0))-INDEX(Actividades!$F$5:$F$17,MATCH($B12,Actividades!$A$5:$A$17,0))+1)*20,0)/20)),MIN(0.95,ROUND(($J12-INDEX(Actividades!$F$5:$F$17,MATCH($B12,Actividades!$A$5:$A$17,0))+1)/(INDEX(Actividades!$G$5:$G$17,MATCH($B12,Actividades!$A$5:$A$17,0))-INDEX(Actividades!$F$5:$F$17,MATCH($B12,Actividades!$A$5:$A$17,0))+1)*20,0)/20)))) -> 0.35 | H12: =IF($E12="✘","Ausente: no asistió al daily (sin reporte)",IFERROR(INDEX(Impedimentos!$E$5:$E$60,MATCH(B12&"|"&J12,Impedimentos!$F$5:$F$60,0)),"Sin impedimentos")) -> Sin impedimentos | I12: =IF($E12="✘","—",IFERROR(INDEX(Impedimentos!$D$5:$D$60,MATCH(B12&"|"&J12,Impedimentos!$F$5:$F$60,0)),"—")) -> — | J12: =INT((ROW()-6)/4)+1 -> 2
A13: =INDEX(Config!$C$12:$C$31,J13) -> 46276 | B13: =INDEX(Actividades!$A$5:$A$17,SUMPRODUCT((Actividades!$C$5:$C$17=D13)*(Actividades!$F$5:$F$17<=J13)*(Actividades!$G$5:$G$17>=J13)*(ROW(Actividades!$C$5:$C$17)-4))) -> SCR-13 | C13: =INDEX(Actividades!$B$5:$B$17,MATCH($B13,Actividades!$A$5:$A$17,0)) -> Elaborar el cronograma, el modelo Iceberg y el apalancamiento de ElDesparche. | D13: =INDEX(Config!$A$12:$A$15,MOD(ROW()-6,4)+1) -> VALENTINA ISABEL OSORIO MORAN | E13: ✔ | F13: =INDEX(Actividades!$L$5:$L$17,MATCH($B13,Actividades!$A$5:$A$17,0)) -> 5 | G13: =IF($E13="✘",IF($J13=INDEX(Actividades!$F$5:$F$17,MATCH($B13,Actividades!$A$5:$A$17,0)),0,G9),IF($J13=INDEX(Actividades!$G$5:$G$17,MATCH($B13,Actividades!$A$5:$A$17,0)),1,IF(AND($I13<>"—",$J13>INDEX(Actividades!$F$5:$F$17,MATCH($B13,Actividades!$A$5:$A$17,0))),MIN(G9,MIN(0.95,ROUND(($J13-INDEX(Actividades!$F$5:$F$17,MATCH($B13,Actividades!$A$5:$A$17,0))+1)/(INDEX(Actividades!$G$5:$G$17,MATCH($B13,Actividades!$A$5:$A$17,0))-INDEX(Actividades!$F$5:$F$17,MATCH($B13,Actividades!$A$5:$A$17,0))+1)*20,0)/20)),MIN(0.95,ROUND(($J13-INDEX(Actividades!$F$5:$F$17,MATCH($B13,Actividades!$A$5:$A$17,0))+1)/(INDEX(Actividades!$G$5:$G$17,MATCH($B13,Actividades!$A$5:$A$17,0))-INDEX(Actividades!$F$5:$F$17,MATCH($B13,Actividades!$A$5:$A$17,0))+1)*20,0)/20)))) -> 0.15 | H13: =IF($E13="✘","Ausente: no asistió al daily (sin reporte)",IFERROR(INDEX(Impedimentos!$E$5:$E$60,MATCH(B13&"|"&J13,Impedimentos!$F$5:$F$60,0)),"Sin impedimentos")) -> Equipo nuevo en Jira: dudas para crear, estimar y actualizar actividades; el avance no se registra al día. | I13: =IF($E13="✘","—",IFERROR(INDEX(Impedimentos!$D$5:$D$60,MATCH(B13&"|"&J13,Impedimentos!$F$5:$F$60,0)),"—")) -> Conocimiento | J13: =INT((ROW()-6)/4)+1 -> 2
A14: =INDEX(Config!$C$12:$C$31,J14) -> 46279 | B14: =INDEX(Actividades!$A$5:$A$17,SUMPRODUCT((Actividades!$C$5:$C$17=D14)*(Actividades!$F$5:$F$17<=J14)*(Actividades!$G$5:$G$17>=J14)*(ROW(Actividades!$C$5:$C$17)-4))) -> SCR-5 | C14: =INDEX(Actividades!$B$5:$B$17,MATCH($B14,Actividades!$A$5:$A$17,0)) -> Diseñar el modelo de base de datos (entidades, relaciones y llaves) del sistema de eventos y reservas. | D14: =INDEX(Config!$A$12:$A$15,MOD(ROW()-6,4)+1) -> EMMANUEL OBANDO SANCHEZ | E14: ✔ | F14: =INDEX(Actividades!$L$5:$L$17,MATCH($B14,Actividades!$A$5:$A$17,0)) -> 3 | G14: =IF($E14="✘",IF($J14=INDEX(Actividades!$F$5:$F$17,MATCH($B14,Actividades!$A$5:$A$17,0)),0,G10),IF($J14=INDEX(Actividades!$G$5:$G$17,MATCH($B14,Actividades!$A$5:$A$17,0)),1,IF(AND($I14<>"—",$J14>INDEX(Actividades!$F$5:$F$17,MATCH($B14,Actividades!$A$5:$A$17,0))),MIN(G10,MIN(0.95,ROUND(($J14-INDEX(Actividades!$F$5:$F$17,MATCH($B14,Actividades!$A$5:$A$17,0))+1)/(INDEX(Actividades!$G$5:$G$17,MATCH($B14,Actividades!$A$5:$A$17,0))-INDEX(Actividades!$F$5:$F$17,MATCH($B14,Actividades!$A$5:$A$17,0))+1)*20,0)/20)),MIN(0.95,ROUND(($J14-INDEX(Actividades!$F$5:$F$17,MATCH($B14,Actividades!$A$5:$A$17,0))+1)/(INDEX(Actividades!$G$5:$G$17,MATCH($B14,Actividades!$A$5:$A$17,0))-INDEX(Actividades!$F$5:$F$17,MATCH($B14,Actividades!$A$5:$A$17,0))+1)*20,0)/20)))) -> 0.15 | H14: =IF($E14="✘","Ausente: no asistió al daily (sin reporte)",IFERROR(INDEX(Impedimentos!$E$5:$E$60,MATCH(B14&"|"&J14,Impedimentos!$F$5:$F$60,0)),"Sin impedimentos")) -> La materia de BD la dictan 2 profesores con criterios distintos (notación y normalización); una parte del equipo sigue a cada uno. | I14: =IF($E14="✘","—",IFERROR(INDEX(Impedimentos!$D$5:$D$60,MATCH(B14&"|"&J14,Impedimentos!$F$5:$F$60,0)),"—")) -> Conflicto académico (BD) | J14: =INT((ROW()-6)/4)+1 -> 3
A15: =INDEX(Config!$C$12:$C$31,J15) -> 46279 | B15: =INDEX(Actividades!$A$5:$A$17,SUMPRODUCT((Actividades!$C$5:$C$17=D15)*(Actividades!$F$5:$F$17<=J15)*(Actividades!$G$5:$G$17>=J15)*(ROW(Actividades!$C$5:$C$17)-4))) -> SCR-7 | C15: =INDEX(Actividades!$B$5:$B$17,MATCH($B15,Actividades!$A$5:$A$17,0)) -> Maquetar la interfaz de usuario (pantallas base de registro e inicio de sesión). | D15: =INDEX(Config!$A$12:$A$15,MOD(ROW()-6,4)+1) -> JUAN SEBASTIAN JARAMILLO ORTIZ | E15: ✔ | F15: =INDEX(Actividades!$L$5:$L$17,MATCH($B15,Actividades!$A$5:$A$17,0)) -> 1 | G15: =IF($E15="✘",IF($J15=INDEX(Actividades!$F$5:$F$17,MATCH($B15,Actividades!$A$5:$A$17,0)),0,G11),IF($J15=INDEX(Actividades!$G$5:$G$17,MATCH($B15,Actividades!$A$5:$A$17,0)),1,IF(AND($I15<>"—",$J15>INDEX(Actividades!$F$5:$F$17,MATCH($B15,Actividades!$A$5:$A$17,0))),MIN(G11,MIN(0.95,ROUND(($J15-INDEX(Actividades!$F$5:$F$17,MATCH($B15,Actividades!$A$5:$A$17,0))+1)/(INDEX(Actividades!$G$5:$G$17,MATCH($B15,Actividades!$A$5:$A$17,0))-INDEX(Actividades!$F$5:$F$17,MATCH($B15,Actividades!$A$5:$A$17,0))+1)*20,0)/20)),MIN(0.95,ROUND(($J15-INDEX(Actividades!$F$5:$F$17,MATCH($B15,Actividades!$A$5:$A$17,0))+1)/(INDEX(Actividades!$G$5:$G$17,MATCH($B15,Actividades!$A$5:$A$17,0))-INDEX(Actividades!$F$5:$F$17,MATCH($B15,Actividades!$A$5:$A$17,0))+1)*20,0)/20)))) -> 0.2 | H15: =IF($E15="✘","Ausente: no asistió al daily (sin reporte)",IFERROR(INDEX(Impedimentos!$E$5:$E$60,MATCH(B15&"|"&J15,Impedimentos!$F$5:$F$60,0)),"Sin impedimentos")) -> Sin lineamientos UI definidos (paleta, tipografía, componentes); nadie decide. | I15: =IF($E15="✘","—",IFERROR(INDEX(Impedimentos!$D$5:$D$60,MATCH(B15&"|"&J15,Impedimentos!$F$5:$F$60,0)),"—")) -> Toma de decisiones | J15: =INT((ROW()-6)/4)+1 -> 3
A16: =INDEX(Config!$C$12:$C$31,J16) -> 46279 | B16: =INDEX(Actividades!$A$5:$A$17,SUMPRODUCT((Actividades!$C$5:$C$17=D16)*(Actividades!$F$5:$F$17<=J16)*(Actividades!$G$5:$G$17>=J16)*(ROW(Actividades!$C$5:$C$17)-4))) -> SCR-10 | C16: =INDEX(Actividades!$B$5:$B$17,MATCH($B16,Actividades!$A$5:$A$17,0)) -> Elaborar el análisis PESTEL completo de ElDesparche. | D16: =INDEX(Config!$A$12:$A$15,MOD(ROW()-6,4)+1) -> ISSABHELLA ALARCON MORENO | E16: ✔ | F16: =INDEX(Actividades!$L$5:$L$17,MATCH($B16,Actividades!$A$5:$A$17,0)) -> 3 | G16: =IF($E16="✘",IF($J16=INDEX(Actividades!$F$5:$F$17,MATCH($B16,Actividades!$A$5:$A$17,0)),0,G12),IF($J16=INDEX(Actividades!$G$5:$G$17,MATCH($B16,Actividades!$A$5:$A$17,0)),1,IF(AND($I16<>"—",$J16>INDEX(Actividades!$F$5:$F$17,MATCH($B16,Actividades!$A$5:$A$17,0))),MIN(G12,MIN(0.95,ROUND(($J16-INDEX(Actividades!$F$5:$F$17,MATCH($B16,Actividades!$A$5:$A$17,0))+1)/(INDEX(Actividades!$G$5:$G$17,MATCH($B16,Actividades!$A$5:$A$17,0))-INDEX(Actividades!$F$5:$F$17,MATCH($B16,Actividades!$A$5:$A$17,0))+1)*20,0)/20)),MIN(0.95,ROUND(($J16-INDEX(Actividades!$F$5:$F$17,MATCH($B16,Actividades!$A$5:$A$17,0))+1)/(INDEX(Actividades!$G$5:$G$17,MATCH($B16,Actividades!$A$5:$A$17,0))-INDEX(Actividades!$F$5:$F$17,MATCH($B16,Actividades!$A$5:$A$17,0))+1)*20,0)/20)))) -> 0.35 | H16: =IF($E16="✘","Ausente: no asistió al daily (sin reporte)",IFERROR(INDEX(Impedimentos!$E$5:$E$60,MATCH(B16&"|"&J16,Impedimentos!$F$5:$F$60,0)),"Sin impedimentos")) -> Dudas sobre alcance y metodología del PESTEL (qué factores incluir y con qué fuentes). | I16: =IF($E16="✘","—",IFERROR(INDEX(Impedimentos!$D$5:$D$60,MATCH(B16&"|"&J16,Impedimentos!$F$5:$F$60,0)),"—")) -> Conocimiento | J16: =INT((ROW()-6)/4)+1 -> 3
A17: =INDEX(Config!$C$12:$C$31,J17) -> 46279 | B17: =INDEX(Actividades!$A$5:$A$17,SUMPRODUCT((Actividades!$C$5:$C$17=D17)*(Actividades!$F$5:$F$17<=J17)*(Actividades!$G$5:$G$17>=J17)*(ROW(Actividades!$C$5:$C$17)-4))) -> SCR-13 | C17: =INDEX(Actividades!$B$5:$B$17,MATCH($B17,Actividades!$A$5:$A$17,0)) -> Elaborar el cronograma, el modelo Iceberg y el apalancamiento de ElDesparche. | D17: =INDEX(Config!$A$12:$A$15,MOD(ROW()-6,4)+1) -> VALENTINA ISABEL OSORIO MORAN | E17: ✔ | F17: =INDEX(Actividades!$L$5:$L$17,MATCH($B17,Actividades!$A$5:$A$17,0)) -> 5 | G17: =IF($E17="✘",IF($J17=INDEX(Actividades!$F$5:$F$17,MATCH($B17,Actividades!$A$5:$A$17,0)),0,G13),IF($J17=INDEX(Actividades!$G$5:$G$17,MATCH($B17,Actividades!$A$5:$A$17,0)),1,IF(AND($I17<>"—",$J17>INDEX(Actividades!$F$5:$F$17,MATCH($B17,Actividades!$A$5:$A$17,0))),MIN(G13,MIN(0.95,ROUND(($J17-INDEX(Actividades!$F$5:$F$17,MATCH($B17,Actividades!$A$5:$A$17,0))+1)/(INDEX(Actividades!$G$5:$G$17,MATCH($B17,Actividades!$A$5:$A$17,0))-INDEX(Actividades!$F$5:$F$17,MATCH($B17,Actividades!$A$5:$A$17,0))+1)*20,0)/20)),MIN(0.95,ROUND(($J17-INDEX(Actividades!$F$5:$F$17,MATCH($B17,Actividades!$A$5:$A$17,0))+1)/(INDEX(Actividades!$G$5:$G$17,MATCH($B17,Actividades!$A$5:$A$17,0))-INDEX(Actividades!$F$5:$F$17,MATCH($B17,Actividades!$A$5:$A$17,0))+1)*20,0)/20)))) -> 0.5 | H17: =IF($E17="✘","Ausente: no asistió al daily (sin reporte)",IFERROR(INDEX(Impedimentos!$E$5:$E$60,MATCH(B17&"|"&J17,Impedimentos!$F$5:$F$60,0)),"Sin impedimentos")) -> Sin impedimentos | I17: =IF($E17="✘","—",IFERROR(INDEX(Impedimentos!$D$5:$D$60,MATCH(B17&"|"&J17,Impedimentos!$F$5:$F$60,0)),"—")) -> — | J17: =INT((ROW()-6)/4)+1 -> 3
A18: =INDEX(Config!$C$12:$C$31,J18) -> 46280 | B18: =INDEX(Actividades!$A$5:$A$17,SUMPRODUCT((Actividades!$C$5:$C$17=D18)*(Actividades!$F$5:$F$17<=J18)*(Actividades!$G$5:$G$17>=J18)*(ROW(Actividades!$C$5:$C$17)-4))) -> SCR-5 | C18: =INDEX(Actividades!$B$5:$B$17,MATCH($B18,Actividades!$A$5:$A$17,0)) -> Diseñar el modelo de base de datos (entidades, relaciones y llaves) del sistema de eventos y reservas. | D18: =INDEX(Config!$A$12:$A$15,MOD(ROW()-6,4)+1) -> EMMANUEL OBANDO SANCHEZ | E18: ✘ | F18: =INDEX(Actividades!$L$5:$L$17,MATCH($B18,Actividades!$A$5:$A$17,0)) -> 3 | G18: =IF($E18="✘",IF($J18=INDEX(Actividades!$F$5:$F$17,MATCH($B18,Actividades!$A$5:$A$17,0)),0,G14),IF($J18=INDEX(Actividades!$G$5:$G$17,MATCH($B18,Actividades!$A$5:$A$17,0)),1,IF(AND($I18<>"—",$J18>INDEX(Actividades!$F$5:$F$17,MATCH($B18,Actividades!$A$5:$A$17,0))),MIN(G14,MIN(0.95,ROUND(($J18-INDEX(Actividades!$F$5:$F$17,MATCH($B18,Actividades!$A$5:$A$17,0))+1)/(INDEX(Actividades!$G$5:$G$17,MATCH($B18,Actividades!$A$5:$A$17,0))-INDEX(Actividades!$F$5:$F$17,MATCH($B18,Actividades!$A$5:$A$17,0))+1)*20,0)/20)),MIN(0.95,ROUND(($J18-INDEX(Actividades!$F$5:$F$17,MATCH($B18,Actividades!$A$5:$A$17,0))+1)/(INDEX(Actividades!$G$5:$G$17,MATCH($B18,Actividades!$A$5:$A$17,0))-INDEX(Actividades!$F$5:$F$17,MATCH($B18,Actividades!$A$5:$A$17,0))+1)*20,0)/20)))) -> 0.15 | H18: =IF($E18="✘","Ausente: no asistió al daily (sin reporte)",IFERROR(INDEX(Impedimentos!$E$5:$E$60,MATCH(B18&"|"&J18,Impedimentos!$F$5:$F$60,0)),"Sin impedimentos")) -> Ausente: no asistió al daily (sin reporte) | I18: =IF($E18="✘","—",IFERROR(INDEX(Impedimentos!$D$5:$D$60,MATCH(B18&"|"&J18,Impedimentos!$F$5:$F$60,0)),"—")) -> — | J18: =INT((ROW()-6)/4)+1 -> 4
A19: =INDEX(Config!$C$12:$C$31,J19) -> 46280 | B19: =INDEX(Actividades!$A$5:$A$17,SUMPRODUCT((Actividades!$C$5:$C$17=D19)*(Actividades!$F$5:$F$17<=J19)*(Actividades!$G$5:$G$17>=J19)*(ROW(Actividades!$C$5:$C$17)-4))) -> SCR-7 | C19: =INDEX(Actividades!$B$5:$B$17,MATCH($B19,Actividades!$A$5:$A$17,0)) -> Maquetar la interfaz de usuario (pantallas base de registro e inicio de sesión). | D19: =INDEX(Config!$A$12:$A$15,MOD(ROW()-6,4)+1) -> JUAN SEBASTIAN JARAMILLO ORTIZ | E19: ✔ | F19: =INDEX(Actividades!$L$5:$L$17,MATCH($B19,Actividades!$A$5:$A$17,0)) -> 1 | G19: =IF($E19="✘",IF($J19=INDEX(Actividades!$F$5:$F$17,MATCH($B19,Actividades!$A$5:$A$17,0)),0,G15),IF($J19=INDEX(Actividades!$G$5:$G$17,MATCH($B19,Actividades!$A$5:$A$17,0)),1,IF(AND($I19<>"—",$J19>INDEX(Actividades!$F$5:$F$17,MATCH($B19,Actividades!$A$5:$A$17,0))),MIN(G15,MIN(0.95,ROUND(($J19-INDEX(Actividades!$F$5:$F$17,MATCH($B19,Actividades!$A$5:$A$17,0))+1)/(INDEX(Actividades!$G$5:$G$17,MATCH($B19,Actividades!$A$5:$A$17,0))-INDEX(Actividades!$F$5:$F$17,MATCH($B19,Actividades!$A$5:$A$17,0))+1)*20,0)/20)),MIN(0.95,ROUND(($J19-INDEX(Actividades!$F$5:$F$17,MATCH($B19,Actividades!$A$5:$A$17,0))+1)/(INDEX(Actividades!$G$5:$G$17,MATCH($B19,Actividades!$A$5:$A$17,0))-INDEX(Actividades!$F$5:$F$17,MATCH($B19,Actividades!$A$5:$A$17,0))+1)*20,0)/20)))) -> 0.8 | H19: =IF($E19="✘","Ausente: no asistió al daily (sin reporte)",IFERROR(INDEX(Impedimentos!$E$5:$E$60,MATCH(B19&"|"&J19,Impedimentos!$F$5:$F$60,0)),"Sin impedimentos")) -> Sin impedimentos | I19: =IF($E19="✘","—",IFERROR(INDEX(Impedimentos!$D$5:$D$60,MATCH(B19&"|"&J19,Impedimentos!$F$5:$F$60,0)),"—")) -> — | J19: =INT((ROW()-6)/4)+1 -> 4
A20: =INDEX(Config!$C$12:$C$31,J20) -> 46280 | B20: =INDEX(Actividades!$A$5:$A$17,SUMPRODUCT((Actividades!$C$5:$C$17=D20)*(Actividades!$F$5:$F$17<=J20)*(Actividades!$G$5:$G$17>=J20)*(ROW(Actividades!$C$5:$C$17)-4))) -> SCR-10 | C20: =INDEX(Actividades!$B$5:$B$17,MATCH($B20,Actividades!$A$5:$A$17,0)) -> Elaborar el análisis PESTEL completo de ElDesparche. | D20: =INDEX(Config!$A$12:$A$15,MOD(ROW()-6,4)+1) -> ISSABHELLA ALARCON MORENO | E20: ✔ | F20: =INDEX(Actividades!$L$5:$L$17,MATCH($B20,Actividades!$A$5:$A$17,0)) -> 3 | G20: =IF($E20="✘",IF($J20=INDEX(Actividades!$F$5:$F$17,MATCH($B20,Actividades!$A$5:$A$17,0)),0,G16),IF($J20=INDEX(Actividades!$G$5:$G$17,MATCH($B20,Actividades!$A$5:$A$17,0)),1,IF(AND($I20<>"—",$J20>INDEX(Actividades!$F$5:$F$17,MATCH($B20,Actividades!$A$5:$A$17,0))),MIN(G16,MIN(0.95,ROUND(($J20-INDEX(Actividades!$F$5:$F$17,MATCH($B20,Actividades!$A$5:$A$17,0))+1)/(INDEX(Actividades!$G$5:$G$17,MATCH($B20,Actividades!$A$5:$A$17,0))-INDEX(Actividades!$F$5:$F$17,MATCH($B20,Actividades!$A$5:$A$17,0))+1)*20,0)/20)),MIN(0.95,ROUND(($J20-INDEX(Actividades!$F$5:$F$17,MATCH($B20,Actividades!$A$5:$A$17,0))+1)/(INDEX(Actividades!$G$5:$G$17,MATCH($B20,Actividades!$A$5:$A$17,0))-INDEX(Actividades!$F$5:$F$17,MATCH($B20,Actividades!$A$5:$A$17,0))+1)*20,0)/20)))) -> 0.65 | H20: =IF($E20="✘","Ausente: no asistió al daily (sin reporte)",IFERROR(INDEX(Impedimentos!$E$5:$E$60,MATCH(B20&"|"&J20,Impedimentos!$F$5:$F$60,0)),"Sin impedimentos")) -> Sin impedimentos | I20: =IF($E20="✘","—",IFERROR(INDEX(Impedimentos!$D$5:$D$60,MATCH(B20&"|"&J20,Impedimentos!$F$5:$F$60,0)),"—")) -> — | J20: =INT((ROW()-6)/4)+1 -> 4
A21: =INDEX(Config!$C$12:$C$31,J21) -> 46280 | B21: =INDEX(Actividades!$A$5:$A$17,SUMPRODUCT((Actividades!$C$5:$C$17=D21)*(Actividades!$F$5:$F$17<=J21)*(Actividades!$G$5:$G$17>=J21)*(ROW(Actividades!$C$5:$C$17)-4))) -> SCR-13 | C21: =INDEX(Actividades!$B$5:$B$17,MATCH($B21,Actividades!$A$5:$A$17,0)) -> Elaborar el cronograma, el modelo Iceberg y el apalancamiento de ElDesparche. | D21: =INDEX(Config!$A$12:$A$15,MOD(ROW()-6,4)+1) -> VALENTINA ISABEL OSORIO MORAN | E21: ✔ | F21: =INDEX(Actividades!$L$5:$L$17,MATCH($B21,Actividades!$A$5:$A$17,0)) -> 5 | G21: =IF($E21="✘",IF($J21=INDEX(Actividades!$F$5:$F$17,MATCH($B21,Actividades!$A$5:$A$17,0)),0,G17),IF($J21=INDEX(Actividades!$G$5:$G$17,MATCH($B21,Actividades!$A$5:$A$17,0)),1,IF(AND($I21<>"—",$J21>INDEX(Actividades!$F$5:$F$17,MATCH($B21,Actividades!$A$5:$A$17,0))),MIN(G17,MIN(0.95,ROUND(($J21-INDEX(Actividades!$F$5:$F$17,MATCH($B21,Actividades!$A$5:$A$17,0))+1)/(INDEX(Actividades!$G$5:$G$17,MATCH($B21,Actividades!$A$5:$A$17,0))-INDEX(Actividades!$F$5:$F$17,MATCH($B21,Actividades!$A$5:$A$17,0))+1)*20,0)/20)),MIN(0.95,ROUND(($J21-INDEX(Actividades!$F$5:$F$17,MATCH($B21,Actividades!$A$5:$A$17,0))+1)/(INDEX(Actividades!$G$5:$G$17,MATCH($B21,Actividades!$A$5:$A$17,0))-INDEX(Actividades!$F$5:$F$17,MATCH($B21,Actividades!$A$5:$A$17,0))+1)*20,0)/20)))) -> 0.5 | H21: =IF($E21="✘","Ausente: no asistió al daily (sin reporte)",IFERROR(INDEX(Impedimentos!$E$5:$E$60,MATCH(B21&"|"&J21,Impedimentos!$F$5:$F$60,0)),"Sin impedimentos")) -> Sin carpeta ni plantillas compartidas para los entregables; los documentos quedan dispersos entre integrantes. | I21: =IF($E21="✘","—",IFERROR(INDEX(Impedimentos!$D$5:$D$60,MATCH(B21&"|"&J21,Impedimentos!$F$5:$F$60,0)),"—")) -> Estructura del proyecto | J21: =INT((ROW()-6)/4)+1 -> 4
... A61: =INDEX(Config!$C$12:$C$31,J61) -> 46294 | B61: =INDEX(Actividades!$A$5:$A$17,SUMPRODUCT((Actividades!$C$5:$C$17=D61)*(Actividades!$F$5:$F$17<=J61)*(Actividades!$G$5:$G$17>=J61)*(ROW(Actividades!$C$5:$C$17)-4))) -> SCR-91 | C61: =INDEX(Actividades!$B$5:$B$17,MATCH($B61,Actividades!$A$5:$A$17,0)) -> Elaborar la matriz Vester general de ElDesparche. | D61: =INDEX(Config!$A$12:$A$15,MOD(ROW()-6,4)+1) -> VALENTINA ISABEL OSORIO MORAN | E61: ✔ | F61: =INDEX(Actividades!$L$5:$L$17,MATCH($B61,Actividades!$A$5:$A$17,0)) -> 3 | G61: =IF($E61="✘",IF($J61=INDEX(Actividades!$F$5:$F$17,MATCH($B61,Actividades!$A$5:$A$17,0)),0,G57),IF($J61=INDEX(Actividades!$G$5:$G$17,MATCH($B61,Actividades!$A$5:$A$17,0)),1,IF(AND($I61<>"—",$J61>INDEX(Actividades!$F$5:$F$17,MATCH($B61,Actividades!$A$5:$A$17,0))),MIN(G57,MIN(0.95,ROUND(($J61-INDEX(Actividades!$F$5:$F$17,MATCH($B61,Actividades!$A$5:$A$17,0))+1)/(INDEX(Actividades!$G$5:$G$17,MATCH($B61,Actividades!$A$5:$A$17,0))-INDEX(Actividades!$F$5:$F$17,MATCH($B61,Actividades!$A$5:$A$17,0))+1)*20,0)/20)),MIN(0.95,ROUND(($J61-INDEX(Actividades!$F$5:$F$17,MATCH($B61,Actividades!$A$5:$A$17,0))+1)/(INDEX(Actividades!$G$5:$G$17,MATCH($B61,Actividades!$A$5:$A$17,0))-INDEX(Actividades!$F$5:$F$17,MATCH($B61,Actividades!$A$5:$A$17,0))+1)*20,0)/20)))) -> 1 | H61: =IF($E61="✘","Ausente: no asistió al daily (sin reporte)",IFERROR(INDEX(Impedimentos!$E$5:$E$60,MATCH(B61&"|"&J61,Impedimentos!$F$5:$F$60,0)),"Sin impedimentos")) -> Sin impedimentos | I61: =IF($E61="✘","—",IFERROR(INDEX(Impedimentos!$D$5:$D$60,MATCH(B61&"|"&J61,Impedimentos!$F$5:$F$60,0)),"—")) -> — | J61: =INT((ROW()-6)/4)+1 -> 14

Sheet Resumen
A1: Resumen del Sprint 1
A2: Todo calculado desde Daily_Scrum, Actividades y Config.
A4: Integrante | B4: Actividades | C4: Puntos | D4: Horas estimadas | E4: Días con impedimento | F4: % días con impedimento | G4: Reuniones asistidas | H4: % asistencia
A5: =Config!A12 -> EMMANUEL OBANDO SANCHEZ | B5: =COUNTIF(Actividades!$C$5:$C$17,A5) -> 3 | C5: =SUMIFS(Actividades!$D$5:$D$17,Actividades!$C$5:$C$17,A5) -> 9 | D5: =SUMIFS(Actividades!$K$5:$K$17,Actividades!$C$5:$C$17,A5) -> 28 | E5: =COUNTIFS(Daily_Scrum!$D$6:$D$61,A5,Daily_Scrum!$I$6:$I$61,"<>—") -> 7 | F5: =E5/Config!$B$6 -> 0.5 | G5: =COUNTIFS(Daily_Scrum!$D$6:$D$61,A5,Daily_Scrum!$E$6:$E$61,"✔") -> 13 | H5: =G5/Config!$B$6 -> 0.92857143
A6: =Config!A13 -> JUAN SEBASTIAN JARAMILLO ORTIZ | B6: =COUNTIF(Actividades!$C$5:$C$17,A6) -> 3 | C6: =SUMIFS(Actividades!$D$5:$D$17,Actividades!$C$5:$C$17,A6) -> 9 | D6: =SUMIFS(Actividades!$K$5:$K$17,Actividades!$C$5:$C$17,A6) -> 21 | E6: =COUNTIFS(Daily_Scrum!$D$6:$D$61,A6,Daily_Scrum!$I$6:$I$61,"<>—") -> 5 | F6: =E6/Config!$B$6 -> 0.35714286 | G6: =COUNTIFS(Daily_Scrum!$D$6:$D$61,A6,Daily_Scrum!$E$6:$E$61,"✔") -> 13 | H6: =G6/Config!$B$6 -> 0.92857143
A7: =Config!A14 -> ISSABHELLA ALARCON MORENO | B7: =COUNTIF(Actividades!$C$5:$C$17,A7) -> 3 | C7: =SUMIFS(Actividades!$D$5:$D$17,Actividades!$C$5:$C$17,A7) -> 11 | D7: =SUMIFS(Actividades!$K$5:$K$17,Actividades!$C$5:$C$17,A7) -> 32 | E7: =COUNTIFS(Daily_Scrum!$D$6:$D$61,A7,Daily_Scrum!$I$6:$I$61,"<>—") -> 3 | F7: =E7/Config!$B$6 -> 0.21428571 | G7: =COUNTIFS(Daily_Scrum!$D$6:$D$61,A7,Daily_Scrum!$E$6:$E$61,"✔") -> 12 | H7: =G7/Config!$B$6 -> 0.85714286
A8: =Config!A15 -> VALENTINA ISABEL OSORIO MORAN | B8: =COUNTIF(Actividades!$C$5:$C$17,A8) -> 4 | C8: =SUMIFS(Actividades!$D$5:$D$17,Actividades!$C$5:$C$17,A8) -> 19 | D8: =SUMIFS(Actividades!$K$5:$K$17,Actividades!$C$5:$C$17,A8) -> 67 | E8: =COUNTIFS(Daily_Scrum!$D$6:$D$61,A8,Daily_Scrum!$I$6:$I$61,"<>—") -> 5 | F8: =E8/Config!$B$6 -> 0.35714286 | G8: =COUNTIFS(Daily_Scrum!$D$6:$D$61,A8,Daily_Scrum!$E$6:$E$61,"✔") -> 13 | H8: =G8/Config!$B$6 -> 0.92857143
A9: Total | B9: =SUM(B5:B8) -> 13 | C9: =SUM(C5:C8) -> 48 | D9: =SUM(D5:D8) -> 148 | E9: =SUM(E5:E8) -> 20 | G9: =SUM(G5:G8) -> 51 | H9: =G9/(Config!$B$6*COUNTA(Config!$A$12:$A$15)) -> 0.91071429
A12: Cuello de botella | B12: Ocurrencias | C12: % del total
A13: =Config!A18 -> Toma de decisiones | B13: =COUNTIF(Daily_Scrum!$I$6:$I$61,A13) -> 6 | C13: =IF($B$17=0,0,B13/$B$17) -> 0.3
A14: =Config!A19 -> Conocimiento | B14: =COUNTIF(Daily_Scrum!$I$6:$I$61,A14) -> 6 | C14: =IF($B$17=0,0,B14/$B$17) -> 0.3
A15: =Config!A20 -> Estructura del proyecto | B15: =COUNTIF(Daily_Scrum!$I$6:$I$61,A15) -> 4 | C15: =IF($B$17=0,0,B15/$B$17) -> 0.2
A16: =Config!A21 -> Conflicto académico (BD) | B16: =COUNTIF(Daily_Scrum!$I$6:$I$61,A16) -> 4 | C16: =IF($B$17=0,0,B16/$B$17) -> 0.2
A17: Total | B17: =SUM(B13:B16) -> 20 | C17: =SUM(C13:C16) -> 1

Sheet Config
A1: Configuración del Sprint 1
A2: Texto azul = dato de entrada editable · Negro = fórmula · Verde = vínculo a otra hoja
A4: Inicio del sprint (Jira: SCR Sprint 1) | B4: 46275 | E4: Festivos (opcional) | G4: SP (Fibonacci) | H4: Talla / complejidad | I4: Estimación en tiempo | J4: Horas de referencia | L4: Serie Fibonacci (h/día)
A5: Fin del sprint (Jira: 29/09) | B5: 46294 | G5: 1 | H5: XS · Simple | I5: Media jornada (< 3 h) | J5: 3 | L5: 1
A6: Días hábiles del sprint | B6: =NETWORKDAYS(B4,B5,E5:E9) -> 14 | G6: 2 | H6: XS–S (interpolado) | I6: — (no figura en el PPT) | J6: 5 | L6: 2
A7: Horas por story point (serie Fibonacci) | B7: Tabla G4:J11 | C7: Cada SP se convierte a horas con la tabla de referencia del equipo (Story points.pptx). Antes: 1 SP = 3 h fijo. | G7: 3 | H7: S | I7: 1 jornada | J7: 7 | L7: 3
A8: Meta del sprint (Jira) | B8: Dejar montado lo básico del proyecto: el repositorio, la base de datos, y que ya se pueda registrar e iniciar sesión en la app. | G8: 5 | H8: M · Media | I8: 2 a 3 días | J8: 18 | L8: 5
G9: 8 | H9: L · Compleja | I9: 1 semana | J9: 35 | L9: 8
G10: 13 | H10: XL | I10: 2 a 3 semanas | J10: 122 | L10: 13
A11: Integrantes del equipo | B11: Día # | C11: Fecha (día hábil) | G11: 20 | H11: XXL · Épica (revisar/dividir) | I11: > 3 semanas | J11: n/a
A12: EMMANUEL OBANDO SANCHEZ | B12: 1 | C12: =$B$4 -> 46275 | G12: Fuente: Story points.pptx (T-shirt > Fibonacci > horas). 2 SP no figura: se interpola entre 1 SP (3 h) y 3 SP (7 h).
A13: JUAN SEBASTIAN JARAMILLO ORTIZ | B13: 2 | C13: =IF(B13<=$B$6,WORKDAY(C12,1,$E$5:$E$9),"") -> 46276 | G13: Nota: el PPT dice 1 h = 0,8 SP, pero su propia tabla da 3 SP = 7 h; aquí se usa la tabla.
A14: ISSABHELLA ALARCON MORENO | B14: 3 | C14: =IF(B14<=$B$6,WORKDAY(C13,1,$E$5:$E$9),"") -> 46279
A15: VALENTINA ISABEL OSORIO MORAN | B15: 4 | C15: =IF(B15<=$B$6,WORKDAY(C14,1,$E$5:$E$9),"") -> 46280
B16: 5 | C16: =IF(B16<=$B$6,WORKDAY(C15,1,$E$5:$E$9),"") -> 46281
A17: Categorías de cuello de botella | B17: 6 | C17: =IF(B17<=$B$6,WORKDAY(C16,1,$E$5:$E$9),"") -> 46282
A18: Toma de decisiones | B18: 7 | C18: =IF(B18<=$B$6,WORKDAY(C17,1,$E$5:$E$9),"") -> 46283
A19: Conocimiento | B19: 8 | C19: =IF(B19<=$B$6,WORKDAY(C18,1,$E$5:$E$9),"") -> 46286
A20: Estructura del proyecto | B20: 9 | C20: =IF(B20<=$B$6,WORKDAY(C19,1,$E$5:$E$9),"") -> 46287
A21: Conflicto académico (BD) | B21: 10 | C21: =IF(B21<=$B$6,WORKDAY(C20,1,$E$5:$E$9),"") -> 46288
B22: 11 | C22: =IF(B22<=$B$6,WORKDAY(C21,1,$E$5:$E$9),"") -> 46289
B23: 12 | C23: =IF(B23<=$B$6,WORKDAY(C22,1,$E$5:$E$9),"") -> 46290
B24: 13 | C24: =IF(B24<=$B$6,WORKDAY(C23,1,$E$5:$E$9),"") -> 46293
B25: 14 | C25: =IF(B25<=$B$6,WORKDAY(C24,1,$E$5:$E$9),"") -> 46294
B26: 15 | C26: =IF(B26<=$B$6,WORKDAY(C25,1,$E$5:$E$9),"")
B27: 16 | C27: =IF(B27<=$B$6,WORKDAY(C26,1,$E$5:$E$9),"")
B28: 17 | C28: =IF(B28<=$B$6,WORKDAY(C27,1,$E$5:$E$9),"")
B29: 18 | C29: =IF(B29<=$B$6,WORKDAY(C28,1,$E$5:$E$9),"")
B30: 19 | C30: =IF(B30<=$B$6,WORKDAY(C29,1,$E$5:$E$9),"")
B31: 20 | C31: =IF(B31<=$B$6,WORKDAY(C30,1,$E$5:$E$9),"")

Sheet Actividades
A1: Actividades del Sprint 1 (fuente: Jira, proyecto SCR)
A2: Los días de inicio/fin se reparten por fórmula según los puntos de cada integrante sobre los días hábiles del sprint.
A4: ID Actividad | B4: Descripción (qué se debe ejecutar) | C4: Responsable | D4: Puntos | E4: Estado Jira | F4: Día inicio | G4: Día fin | H4: Días | I4: Fecha inicio | J4: Fecha fin | K4: Horas totales | L4: Horas / día | M4: Talla
A5: SCR-4 | B5: Crear el repositorio del proyecto en GitHub y agregar a los compañeros como colaboradores para versionar desde el inicio. | C5: EMMANUEL OBANDO SANCHEZ | D5: 1 | E5: Listo | F5: =ROUND((SUMIFS($D$5:D5,$C$5:C5,C5)-D5)/SUMIFS($D$5:$D$17,$C$5:$C$17,C5)*Config!$B$6,0)+1 -> 1 | G5: =ROUND(SUMIFS($D$5:D5,$C$5:C5,C5)/SUMIFS($D$5:$D$17,$C$5:$C$17,C5)*Config!$B$6,0) -> 2 | H5: =G5-F5+1 -> 2 | I5: =INDEX(Config!$C$12:$C$31,F5) -> 46275 | J5: =INDEX(Config!$C$12:$C$31,G5) -> 46276 | K5: =VLOOKUP(D5,Config!$G$5:$J$11,4,FALSE()) -> 3 | L5: =IF(K5/H5-LOOKUP(K5/H5,Config!$L$5:$L$10)<IFERROR(INDEX(Config!$L$5:$L$10,MATCH(K5/H5,Config!$L$5:$L$10,1)+1),LOOKUP(K5/H5,Config!$L$5:$L$10))-(K5/H5),LOOKUP(K5/H5,Config!$L$5:$L$10),IFERROR(INDEX(Config!$L$5:$L$10,MATCH(K5/H5,Config!$L$5:$L$10,1)+1),LOOKUP(K5/H5,Config!$L$5:$L$10))) -> 2 | M5: =VLOOKUP(D5,Config!$G$5:$J$11,2,FALSE()) -> XS · Simple
A6: SCR-5 | B6: Diseñar el modelo de base de datos (entidades, relaciones y llaves) del sistema de eventos y reservas. | C6: EMMANUEL OBANDO SANCHEZ | D6: 5 | E6: Listo | F6: =ROUND((SUMIFS($D$5:D6,$C$5:C6,C6)-D6)/SUMIFS($D$5:$D$17,$C$5:$C$17,C6)*Config!$B$6,0)+1 -> 3 | G6: =ROUND(SUMIFS($D$5:D6,$C$5:C6,C6)/SUMIFS($D$5:$D$17,$C$5:$C$17,C6)*Config!$B$6,0) -> 9 | H6: =G6-F6+1 -> 7 | I6: =INDEX(Config!$C$12:$C$31,F6) -> 46279 | J6: =INDEX(Config!$C$12:$C$31,G6) -> 46287 | K6: =VLOOKUP(D6,Config!$G$5:$J$11,4,FALSE()) -> 18 | L6: =IF(K6/H6-LOOKUP(K6/H6,Config!$L$5:$L$10)<IFERROR(INDEX(Config!$L$5:$L$10,MATCH(K6/H6,Config!$L$5:$L$10,1)+1),LOOKUP(K6/H6,Config!$L$5:$L$10))-(K6/H6),LOOKUP(K6/H6,Config!$L$5:$L$10),IFERROR(INDEX(Config!$L$5:$L$10,MATCH(K6/H6,Config!$L$5:$L$10,1)+1),LOOKUP(K6/H6,Config!$L$5:$L$10))) -> 3 | M6: =VLOOKUP(D6,Config!$G$5:$J$11,2,FALSE()) -> M · Media
A7: SCR-6 | B7: Configurar la arquitectura MVC del backend (modelos, controladores, rutas y carpetas). | C7: EMMANUEL OBANDO SANCHEZ | D7: 3 | E7: Listo | F7: =ROUND((SUMIFS($D$5:D7,$C$5:C7,C7)-D7)/SUMIFS($D$5:$D$17,$C$5:$C$17,C7)*Config!$B$6,0)+1 -> 10 | G7: =ROUND(SUMIFS($D$5:D7,$C$5:C7,C7)/SUMIFS($D$5:$D$17,$C$5:$C$17,C7)*Config!$B$6,0) -> 14 | H7: =G7-F7+1 -> 5 | I7: =INDEX(Config!$C$12:$C$31,F7) -> 46288 | J7: =INDEX(Config!$C$12:$C$31,G7) -> 46294 | K7: =VLOOKUP(D7,Config!$G$5:$J$11,4,FALSE()) -> 7 | L7: =IF(K7/H7-LOOKUP(K7/H7,Config!$L$5:$L$10)<IFERROR(INDEX(Config!$L$5:$L$10,MATCH(K7/H7,Config!$L$5:$L$10,1)+1),LOOKUP(K7/H7,Config!$L$5:$L$10))-(K7/H7),LOOKUP(K7/H7,Config!$L$5:$L$10),IFERROR(INDEX(Config!$L$5:$L$10,MATCH(K7/H7,Config!$L$5:$L$10,1)+1),LOOKUP(K7/H7,Config!$L$5:$L$10))) -> 1 | M7: =VLOOKUP(D7,Config!$G$5:$J$11,2,FALSE()) -> S
A8: SCR-7 | B8: Maquetar la interfaz de usuario (pantallas base de registro e inicio de sesión). | C8: JUAN SEBASTIAN JARAMILLO ORTIZ | D8: 3 | E8: Listo | F8: =ROUND((SUMIFS($D$5:D8,$C$5:C8,C8)-D8)/SUMIFS($D$5:$D$17,$C$5:$C$17,C8)*Config!$B$6,0)+1 -> 1 | G8: =ROUND(SUMIFS($D$5:D8,$C$5:C8,C8)/SUMIFS($D$5:$D$17,$C$5:$C$17,C8)*Config!$B$6,0) -> 5 | H8: =G8-F8+1 -> 5 | I8: =INDEX(Config!$C$12:$C$31,F8) -> 46275 | J8: =INDEX(Config!$C$12:$C$31,G8) -> 46281 | K8: =VLOOKUP(D8,Config!$G$5:$J$11,4,FALSE()) -> 7 | L8: =IF(K8/H8-LOOKUP(K8/H8,Config!$L$5:$L$10)<IFERROR(INDEX(Config!$L$5:$L$10,MATCH(K8/H8,Config!$L$5:$L$10,1)+1),LOOKUP(K8/H8,Config!$L$5:$L$10))-(K8/H8),LOOKUP(K8/H8,Config!$L$5:$L$10),IFERROR(INDEX(Config!$L$5:$L$10,MATCH(K8/H8,Config!$L$5:$L$10,1)+1),LOOKUP(K8/H8,Config!$L$5:$L$10))) -> 1 | M8: =VLOOKUP(D8,Config!$G$5:$J$11,2,FALSE()) -> S
A9: SCR-8 | B9: Crear en PostgreSQL las tablas personas, teléfonos, clientes, agentes y administradores. | C9: JUAN SEBASTIAN JARAMILLO ORTIZ | D9: 3 | E9: Listo | F9: =ROUND((SUMIFS($D$5:D9,$C$5:C9,C9)-D9)/SUMIFS($D$5:$D$17,$C$5:$C$17,C9)*Config!$B$6,0)+1 -> 6 | G9: =ROUND(SUMIFS($D$5:D9,$C$5:C9,C9)/SUMIFS($D$5:$D$17,$C$5:$C$17,C9)*Config!$B$6,0) -> 9 | H9: =G9-F9+1 -> 4 | I9: =INDEX(Config!$C$12:$C$31,F9) -> 46282 | J9: =INDEX(Config!$C$12:$C$31,G9) -> 46287 | K9: =VLOOKUP(D9,Config!$G$5:$J$11,4,FALSE()) -> 7 | L9: =IF(K9/H9-LOOKUP(K9/H9,Config!$L$5:$L$10)<IFERROR(INDEX(Config!$L$5:$L$10,MATCH(K9/H9,Config!$L$5:$L$10,1)+1),LOOKUP(K9/H9,Config!$L$5:$L$10))-(K9/H9),LOOKUP(K9/H9,Config!$L$5:$L$10),IFERROR(INDEX(Config!$L$5:$L$10,MATCH(K9/H9,Config!$L$5:$L$10,1)+1),LOOKUP(K9/H9,Config!$L$5:$L$10))) -> 2 | M9: =VLOOKUP(D9,Config!$G$5:$J$11,2,FALSE()) -> S
A10: SCR-9 | B10: Crear en PostgreSQL las tablas eventos y reservas con sus relaciones. | C10: JUAN SEBASTIAN JARAMILLO ORTIZ | D10: 3 | E10: Listo | F10: =ROUND((SUMIFS($D$5:D10,$C$5:C10,C10)-D10)/SUMIFS($D$5:$D$17,$C$5:$C$17,C10)*Config!$B$6,0)+1 -> 10 | G10: =ROUND(SUMIFS($D$5:D10,$C$5:C10,C10)/SUMIFS($D$5:$D$17,$C$5:$C$17,C10)*Config!$B$6,0) -> 14 | H10: =G10-F10+1 -> 5 | I10: =INDEX(Config!$C$12:$C$31,F10) -> 46288 | J10: =INDEX(Config!$C$12:$C$31,G10) -> 46294 | K10: =VLOOKUP(D10,Config!$G$5:$J$11,4,FALSE()) -> 7 | L10: =IF(K10/H10-LOOKUP(K10/H10,Config!$L$5:$L$10)<IFERROR(INDEX(Config!$L$5:$L$10,MATCH(K10/H10,Config!$L$5:$L$10,1)+1),LOOKUP(K10/H10,Config!$L$5:$L$10))-(K10/H10),LOOKUP(K10/H10,Config!$L$5:$L$10),IFERROR(INDEX(Config!$L$5:$L$10,MATCH(K10/H10,Config!$L$5:$L$10,1)+1),LOOKUP(K10/H10,Config!$L$5:$L$10))) -> 1 | M10: =VLOOKUP(D10,Config!$G$5:$J$11,2,FALSE()) -> S
A11: SCR-10 | B11: Elaborar el análisis PESTEL completo de ElDesparche. | C11: ISSABHELLA ALARCON MORENO | D11: 5 | E11: Listo | F11: =ROUND((SUMIFS($D$5:D11,$C$5:C11,C11)-D11)/SUMIFS($D$5:$D$17,$C$5:$C$17,C11)*Config!$B$6,0)+1 -> 1 | G11: =ROUND(SUMIFS($D$5:D11,$C$5:C11,C11)/SUMIFS($D$5:$D$17,$C$5:$C$17,C11)*Config!$B$6,0) -> 6 | H11: =G11-F11+1 -> 6 | I11: =INDEX(Config!$C$12:$C$31,F11) -> 46275 | J11: =INDEX(Config!$C$12:$C$31,G11) -> 46282 | K11: =VLOOKUP(D11,Config!$G$5:$J$11,4,FALSE()) -> 18 | L11: =IF(K11/H11-LOOKUP(K11/H11,Config!$L$5:$L$10)<IFERROR(INDEX(Config!$L$5:$L$10,MATCH(K11/H11,Config!$L$5:$L$10,1)+1),LOOKUP(K11/H11,Config!$L$5:$L$10))-(K11/H11),LOOKUP(K11/H11,Config!$L$5:$L$10),IFERROR(INDEX(Config!$L$5:$L$10,MATCH(K11/H11,Config!$L$5:$L$10,1)+1),LOOKUP(K11/H11,Config!$L$5:$L$10))) -> 3 | M11: =VLOOKUP(D11,Config!$G$5:$J$11,2,FALSE()) -> M · Media
A12: SCR-11 | B12: Elaborar el borrador de la matriz Canvas de ElDesparche. | C12: ISSABHELLA ALARCON MORENO | D12: 3 | E12: Listo | F12: =ROUND((SUMIFS($D$5:D12,$C$5:C12,C12)-D12)/SUMIFS($D$5:$D$17,$C$5:$C$17,C12)*Config!$B$6,0)+1 -> 7 | G12: =ROUND(SUMIFS($D$5:D12,$C$5:C12,C12)/SUMIFS($D$5:$D$17,$C$5:$C$17,C12)*Config!$B$6,0) -> 10 | H12: =G12-F12+1 -> 4 | I12: =INDEX(Config!$C$12:$C$31,F12) -> 46283 | J12: =INDEX(Config!$C$12:$C$31,G12) -> 46288 | K12: =VLOOKUP(D12,Config!$G$5:$J$11,4,FALSE()) -> 7 | L12: =IF(K12/H12-LOOKUP(K12/H12,Config!$L$5:$L$10)<IFERROR(INDEX(Config!$L$5:$L$10,MATCH(K12/H12,Config!$L$5:$L$10,1)+1),LOOKUP(K12/H12,Config!$L$5:$L$10))-(K12/H12),LOOKUP(K12/H12,Config!$L$5:$L$10),IFERROR(INDEX(Config!$L$5:$L$10,MATCH(K12/H12,Config!$L$5:$L$10,1)+1),LOOKUP(K12/H12,Config!$L$5:$L$10))) -> 2 | M12: =VLOOKUP(D12,Config!$G$5:$J$11,2,FALSE()) -> S
A13: SCR-12 | B13: Construir el diagrama de Pareto con las causas de los problemas del proyecto. | C13: ISSABHELLA ALARCON MORENO | D13: 3 | E13: Listo | F13: =ROUND((SUMIFS($D$5:D13,$C$5:C13,C13)-D13)/SUMIFS($D$5:$D$17,$C$5:$C$17,C13)*Config!$B$6,0)+1 -> 11 | G13: =ROUND(SUMIFS($D$5:D13,$C$5:C13,C13)/SUMIFS($D$5:$D$17,$C$5:$C$17,C13)*Config!$B$6,0) -> 14 | H13: =G13-F13+1 -> 4 | I13: =INDEX(Config!$C$12:$C$31,F13) -> 46289 | J13: =INDEX(Config!$C$12:$C$31,G13) -> 46294 | K13: =VLOOKUP(D13,Config!$G$5:$J$11,4,FALSE()) -> 7 | L13: =IF(K13/H13-LOOKUP(K13/H13,Config!$L$5:$L$10)<IFERROR(INDEX(Config!$L$5:$L$10,MATCH(K13/H13,Config!$L$5:$L$10,1)+1),LOOKUP(K13/H13,Config!$L$5:$L$10))-(K13/H13),LOOKUP(K13/H13,Config!$L$5:$L$10),IFERROR(INDEX(Config!$L$5:$L$10,MATCH(K13/H13,Config!$L$5:$L$10,1)+1),LOOKUP(K13/H13,Config!$L$5:$L$10))) -> 2 | M13: =VLOOKUP(D13,Config!$G$5:$J$11,2,FALSE()) -> S
A14: SCR-13 | B14: Elaborar el cronograma, el modelo Iceberg y el apalancamiento de ElDesparche. | C14: VALENTINA ISABEL OSORIO MORAN | D14: 8 | E14: Listo | F14: =ROUND((SUMIFS($D$5:D14,$C$5:C14,C14)-D14)/SUMIFS($D$5:$D$17,$C$5:$C$17,C14)*Config!$B$6,0)+1 -> 1 | G14: =ROUND(SUMIFS($D$5:D14,$C$5:C14,C14)/SUMIFS($D$5:$D$17,$C$5:$C$17,C14)*Config!$B$6,0) -> 6 | H14: =G14-F14+1 -> 6 | I14: =INDEX(Config!$C$12:$C$31,F14) -> 46275 | J14: =INDEX(Config!$C$12:$C$31,G14) -> 46282 | K14: =VLOOKUP(D14,Config!$G$5:$J$11,4,FALSE()) -> 35 | L14: =IF(K14/H14-LOOKUP(K14/H14,Config!$L$5:$L$10)<IFERROR(INDEX(Config!$L$5:$L$10,MATCH(K14/H14,Config!$L$5:$L$10,1)+1),LOOKUP(K14/H14,Config!$L$5:$L$10))-(K14/H14),LOOKUP(K14/H14,Config!$L$5:$L$10),IFERROR(INDEX(Config!$L$5:$L$10,MATCH(K14/H14,Config!$L$5:$L$10,1)+1),LOOKUP(K14/H14,Config!$L$5:$L$10))) -> 5 | M14: =VLOOKUP(D14,Config!$G$5:$J$11,2,FALSE()) -> L · Compleja
A15: SCR-14 | B15: Consolidar la matriz Canvas final de ElDesparche. | C15: VALENTINA ISABEL OSORIO MORAN | D15: 5 | E15: Listo | F15: =ROUND((SUMIFS($D$5:D15,$C$5:C15,C15)-D15)/SUMIFS($D$5:$D$17,$C$5:$C$17,C15)*Config!$B$6,0)+1 -> 7 | G15: =ROUND(SUMIFS($D$5:D15,$C$5:C15,C15)/SUMIFS($D$5:$D$17,$C$5:$C$17,C15)*Config!$B$6,0) -> 10 | H15: =G15-F15+1 -> 4 | I15: =INDEX(Config!$C$12:$C$31,F15) -> 46283 | J15: =INDEX(Config!$C$12:$C$31,G15) -> 46288 | K15: =VLOOKUP(D15,Config!$G$5:$J$11,4,FALSE()) -> 18 | L15: =IF(K15/H15-LOOKUP(K15/H15,Config!$L$5:$L$10)<IFERROR(INDEX(Config!$L$5:$L$10,MATCH(K15/H15,Config!$L$5:$L$10,1)+1),LOOKUP(K15/H15,Config!$L$5:$L$10))-(K15/H15),LOOKUP(K15/H15,Config!$L$5:$L$10),IFERROR(INDEX(Config!$L$5:$L$10,MATCH(K15/H15,Config!$L$5:$L$10,1)+1),LOOKUP(K15/H15,Config!$L$5:$L$10))) -> 5 | M15: =VLOOKUP(D15,Config!$G$5:$J$11,2,FALSE()) -> M · Media
A16: SCR-15 | B16: Actualizar el análisis PESTEL a su versión 2 (Parches) con las correcciones. | C16: VALENTINA ISABEL OSORIO MORAN | D16: 3 | E16: Listo | F16: =ROUND((SUMIFS($D$5:D16,$C$5:C16,C16)-D16)/SUMIFS($D$5:$D$17,$C$5:$C$17,C16)*Config!$B$6,0)+1 -> 11 | G16: =ROUND(SUMIFS($D$5:D16,$C$5:C16,C16)/SUMIFS($D$5:$D$17,$C$5:$C$17,C16)*Config!$B$6,0) -> 12 | H16: =G16-F16+1 -> 2 | I16: =INDEX(Config!$C$12:$C$31,F16) -> 46289 | J16: =INDEX(Config!$C$12:$C$31,G16) -> 46290 | K16: =VLOOKUP(D16,Config!$G$5:$J$11,4,FALSE()) -> 7 | L16: =IF(K16/H16-LOOKUP(K16/H16,Config!$L$5:$L$10)<IFERROR(INDEX(Config!$L$5:$L$10,MATCH(K16/H16,Config!$L$5:$L$10,1)+1),LOOKUP(K16/H16,Config!$L$5:$L$10))-(K16/H16),LOOKUP(K16/H16,Config!$L$5:$L$10),IFERROR(INDEX(Config!$L$5:$L$10,MATCH(K16/H16,Config!$L$5:$L$10,1)+1),LOOKUP(K16/H16,Config!$L$5:$L$10))) -> 3 | M16: =VLOOKUP(D16,Config!$G$5:$J$11,2,FALSE()) -> S
A17: SCR-91 | B17: Elaborar la matriz Vester general de ElDesparche. | C17: VALENTINA ISABEL OSORIO MORAN | D17: 3 | E17: Listo | F17: =ROUND((SUMIFS($D$5:D17,$C$5:C17,C17)-D17)/SUMIFS($D$5:$D$17,$C$5:$C$17,C17)*Config!$B$6,0)+1 -> 13 | G17: =ROUND(SUMIFS($D$5:D17,$C$5:C17,C17)/SUMIFS($D$5:$D$17,$C$5:$C$17,C17)*Config!$B$6,0) -> 14 | H17: =G17-F17+1 -> 2 | I17: =INDEX(Config!$C$12:$C$31,F17) -> 46293 | J17: =INDEX(Config!$C$12:$C$31,G17) -> 46294 | K17: =VLOOKUP(D17,Config!$G$5:$J$11,4,FALSE()) -> 7 | L17: =IF(K17/H17-LOOKUP(K17/H17,Config!$L$5:$L$10)<IFERROR(INDEX(Config!$L$5:$L$10,MATCH(K17/H17,Config!$L$5:$L$10,1)+1),LOOKUP(K17/H17,Config!$L$5:$L$10))-(K17/H17),LOOKUP(K17/H17,Config!$L$5:$L$10),IFERROR(INDEX(Config!$L$5:$L$10,MATCH(K17/H17,Config!$L$5:$L$10,1)+1),LOOKUP(K17/H17,Config!$L$5:$L$10))) -> 3 | M17: =VLOOKUP(D17,Config!$G$5:$J$11,2,FALSE()) -> S
A18: Total | D18: =SUM(D5:D17) -> 48 | K18: =SUM(K5:K17) -> 148

Sheet Impedimentos
A1: Registro de impedimentos y cuellos de botella
A2: Agrega una fila (Día #, ID, categoría y detalle) y aparecerá automáticamente en la hoja Daily_Scrum.
A4: Día # | B4: Fecha | C4: ID Actividad | D4: Categoría | E4: Detalle del impedimento | F4: Clave (auto)
A5: 1 | B5: =INDEX(Config!$C$12:$C$31,A5) -> 46275 | C5: SCR-4 | D5: Toma de decisiones | E5: No hay acuerdo sobre el nombre del repositorio ni el flujo de ramas (main/develop); se decide en el daily. | F5: =C5&"|"&A5 -> SCR-4|1
A6: 2 | B6: =INDEX(Config!$C$12:$C$31,A6) -> 46276 | C6: SCR-7 | D6: Conocimiento | E6: No todos dominan la herramienta de maquetación (Figma/HTML); se dedica tiempo a aprenderla. | F6: =C6&"|"&A6 -> SCR-7|2
A7: 2 | B7: =INDEX(Config!$C$12:$C$31,A7) -> 46276 | C7: SCR-13 | D7: Conocimiento | E7: Equipo nuevo en Jira: dudas para crear, estimar y actualizar actividades; el avance no se registra al día. | F7: =C7&"|"&A7 -> SCR-13|2
A8: 3 | B8: =INDEX(Config!$C$12:$C$31,A8) -> 46279 | C8: SCR-5 | D8: Conflicto académico (BD) | E8: La materia de BD la dictan 2 profesores con criterios distintos (notación y normalización); una parte del equipo sigue a cada uno. | F8: =C8&"|"&A8 -> SCR-5|3
A9: 3 | B9: =INDEX(Config!$C$12:$C$31,A9) -> 46279 | C9: SCR-7 | D9: Toma de decisiones | E9: Sin lineamientos UI definidos (paleta, tipografía, componentes); nadie decide. | F9: =C9&"|"&A9 -> SCR-7|3
A10: 3 | B10: =INDEX(Config!$C$12:$C$31,A10) -> 46279 | C10: SCR-10 | D10: Conocimiento | E10: Dudas sobre alcance y metodología del PESTEL (qué factores incluir y con qué fuentes). | F10: =C10&"|"&A10 -> SCR-10|3
A11: 4 | B11: =INDEX(Config!$C$12:$C$31,A11) -> 46280 | C11: SCR-13 | D11: Estructura del proyecto | E11: Sin carpeta ni plantillas compartidas para los entregables; los documentos quedan dispersos entre integrantes. | F11: =C11&"|"&A11 -> SCR-13|4
A12: 5 | B12: =INDEX(Config!$C$12:$C$31,A12) -> 46281 | C12: SCR-5 | D12: Conflicto académico (BD) | E12: El modelo entidad-relación se dibuja con dos notaciones distintas y no se logra cerrar un diseño único. | F12: =C12&"|"&A12 -> SCR-5|5
A13: 6 | B13: =INDEX(Config!$C$12:$C$31,A13) -> 46282 | C13: SCR-5 | D13: Toma de decisiones | E13: Demora en decidir cómo modelar personas → clientes/agentes/administradores (herencia vs. tablas separadas). | F13: =C13&"|"&A13 -> SCR-5|6
A14: 6 | B14: =INDEX(Config!$C$12:$C$31,A14) -> 46282 | C14: SCR-8 | D14: Conocimiento | E14: Falta de práctica con PostgreSQL (tipos de dato, llaves foráneas) para pasar el diseño a tablas. | F14: =C14&"|"&A14 -> SCR-8|6
A15: 7 | B15: =INDEX(Config!$C$12:$C$31,A15) -> 46283 | C15: SCR-8 | D15: Conflicto académico (BD) | E15: El modelo sigue cambiando por la diferencia de criterios entre los dos profesores de BD; hay que rehacer tablas. | F15: =C15&"|"&A15 -> SCR-8|7
A16: 7 | B16: =INDEX(Config!$C$12:$C$31,A16) -> 46283 | C16: SCR-14 | D16: Toma de decisiones | E16: Se espera la aprobación del equipo sobre el borrador del Canvas; sin decisión no se avanza. | F16: =C16&"|"&A16 -> SCR-14|7
... A24: 13 | B24: =INDEX(Config!$C$12:$C$31,A24) -> 46293 | C24: SCR-91 | D24: Toma de decisiones | E24: Sin criterio acordado para votar y ponderar las causas de la matriz Vester. | F24: =C24&"|"&A24 -> SCR-91|13
B25: =IF(A25="","",INDEX(Config!$C$12:$C$31,A25)) | F25: =IF(A25="","",C25&"|"&A25)
B26: =IF(A26="","",INDEX(Config!$C$12:$C$31,A26)) | F26: =IF(A26="","",C26&"|"&A26)
B27: =IF(A27="","",INDEX(Config!$C$12:$C$31,A27)) | F27: =IF(A27="","",C27&"|"&A27)
B28: =IF(A28="","",INDEX(Config!$C$12:$C$31,A28)) | F28: =IF(A28="","",C28&"|"&A28)
B29: =IF(A29="","",INDEX(Config!$C$12:$C$31,A29)) | F29: =IF(A29="","",C29&"|"&A29)
B30: =IF(A30="","",INDEX(Config!$C$12:$C$31,A30)) | F30: =IF(A30="","",C30&"|"&A30)
B31: =IF(A31="","",INDEX(Config!$C$12:$C$31,A31)) | F31: =IF(A31="","",C31&"|"&A31)
B32: =IF(A32="","",INDEX(Config!$C$12:$C$31,A32)) | F32: =IF(A32="","",C32&"|"&A32)
B33: =IF(A33="","",INDEX(Config!$C$12:$C$31,A33)) | F33: =IF(A33="","",C33&"|"&A33)
B34: =IF(A34="","",INDEX(Config!$C$12:$C$31,A34)) | F34: =IF(A34="","",C34&"|"&A34)
B35: =IF(A35="","",INDEX(Config!$C$12:$C$31,A35)) | F35: =IF(A35="","",C35&"|"&A35)
B36: =IF(A36="","",INDEX(Config!$C$12:$C$31,A36)) | F36: =IF(A36="","",C36&"|"&A36)
... B60: =IF(A60="","",INDEX(Config!$C$12:$C$31,A60)) | F60: =IF(A60="","",C60&"|"&A60)
