Workbook

Sheet Matriz Vester
A1: Situación problemática
A2: El proyecto integrador ElDesparche, un sistema web de gestión y reserva de eventos y espectáculos (registro e inicio de sesión, perfiles de cliente, agente y administrador, CRUD, dashboard de reportes y mapa con ubicación en tiempo real, sobre PostgreSQL), enfrenta dificultades que ponen en riesgo su desarrollo completo y su calidad.
A5: Código | B5: Variable | C5: P1 | D5: P2 | E5: P3 | F5: P4 | G5: P5 | H5: P6 | I5: P7 | J5: P8 | K5: P9 | L5: P10 | M5: P11 | N5: P12 | O5: INFLUENCIA
A6: P1 | B6: Análisis y modelado UML incompletos (requisitos poco claros) | C6: 0 | D6: 3 | E6: 3 | F6: 1 | G6: 2 | H6: 2 | I6: 2 | J6: 1 | K6: 1 | L6: 1 | M6: 2 | N6: 0 | O6: =SUM(C6:N6) -> 18
A7: P2 | B7: Diseño de la base de datos relacional inconsistente (PostgreSQL) | C7: 0 | D7: 0 | E7: 2 | F7: 3 | G7: 2 | H7: 0 | I7: 3 | J7: 2 | K7: 2 | L7: 0 | M7: 1 | N7: 0 | O7: =SUM(C7:N7) -> 15
A8: P3 | B8: Reglas de negocio mal implementadas (estados, capacidad y reservas) | C8: 0 | D8: 1 | E8: 0 | F8: 1 | G8: 1 | H8: 1 | I8: 3 | J8: 1 | K8: 2 | L8: 0 | M8: 1 | N8: 0 | O8: =SUM(C8:N8) -> 11
A9: P4 | B9: Comunicación deficiente entre frontend, backend y base de datos | C9: 0 | D9: 0 | E9: 2 | F9: 0 | G9: 2 | H9: 2 | I9: 3 | J9: 3 | K9: 2 | L9: 0 | M9: 1 | N9: 0 | O9: =SUM(C9:N9) -> 15
A10: P5 | B10: Autenticación, registro y control de acceso por perfil débiles | C10: 0 | D10: 0 | E10: 0 | F10: 1 | G10: 0 | H10: 2 | I10: 2 | J10: 0 | K10: 1 | L10: 0 | M10: 0 | N10: 0 | O10: =SUM(C10:N10) -> 6
A11: P6 | B11: Interfaz de usuario poco usable o no responsiva | C11: 0 | D11: 0 | E11: 0 | F11: 0 | G11: 1 | H11: 0 | I11: 1 | J11: 0 | K11: 1 | L11: 0 | M11: 0 | N11: 0 | O11: =SUM(C11:N11) -> 3
A12: P7 | B12: Dashboard y reportes del administrador incorrectos o incompletos | C12: 0 | D12: 1 | E12: 0 | F12: 0 | G12: 0 | H12: 0 | I12: 0 | J12: 0 | K12: 0 | L12: 0 | M12: 1 | N12: 0 | O12: =SUM(C12:N12) -> 2
A13: P8 | B13: Mapa con ubicación en tiempo real impreciso o desactualizado | C13: 0 | D13: 0 | E13: 0 | F13: 0 | G13: 0 | H13: 1 | I13: 1 | J13: 0 | K13: 0 | L13: 0 | M13: 0 | N13: 0 | O13: =SUM(C13:N13) -> 2
A14: P9 | B14: Falta de pruebas y validación de datos en los CRUD | C14: 0 | D14: 1 | E14: 2 | F14: 2 | G14: 2 | H14: 1 | I14: 2 | J14: 2 | K14: 0 | L14: 0 | M14: 2 | N14: 0 | O14: =SUM(C14:N14) -> 14
A15: P10 | B15: Trabajo en equipo y control de versiones (GitHub) deficientes | C15: 2 | D15: 1 | E15: 1 | F15: 2 | G15: 1 | H15: 1 | I15: 1 | J15: 1 | K15: 2 | L15: 0 | M15: 3 | N15: 1 | O15: =SUM(C15:N15) -> 16
A16: P11 | B16: Planeación y gestión del tiempo insuficientes frente al alcance | C16: 2 | D16: 1 | E16: 1 | F16: 1 | G16: 1 | H16: 2 | I16: 2 | J16: 2 | K16: 3 | L16: 2 | M16: 0 | N16: 1 | O16: =SUM(C16:N16) -> 18
A17: P12 | B17: Bajo dominio de las tecnologías del curso (HTML5, CSS, Bootstrap, JS/TS, MVC) | C17: 1 | D17: 2 | E17: 2 | F17: 3 | G17: 2 | H17: 3 | I17: 1 | J17: 2 | K17: 2 | L17: 1 | M17: 2 | N17: 0 | O17: =SUM(C17:N17) -> 21
A18: DEPENDENCIA | C18: =SUM(C6:C17) -> 5 | D18: =SUM(D6:D17) -> 10 | E18: =SUM(E6:E17) -> 13 | F18: =SUM(F6:F17) -> 14 | G18: =SUM(G6:G17) -> 14 | H18: =SUM(H6:H17) -> 15 | I18: =SUM(I6:I17) -> 21 | J18: =SUM(J6:J17) -> 14 | ... O18: =SUM(O6:O17) -> 141
A20: Escala de calificación (fila influye sobre columna):
B21: 0 = No influye
B22: 1 = Influencia débil o indirecta
B23: 2 = Influencia media
B24: 3 = Influencia fuerte o directa
A25: Celdas en azul: calificaciones editables (0 a 3). La diagonal (gris) no se califica. Influencia y dependencia se recalculan solas.

Sheet Análisis
A1: Análisis de la matriz: clasificación de las variables
A3: Código | B3: Variable | C3: Influencia (activa) | D3: Dependencia (pasiva) | E3: Producto (Infl. × Dep.) | F3: Cociente (Infl. / Dep. ×100) | G3: Cuadrante
A4: ='Matriz Vester'!A6 -> P1 | B4: ='Matriz Vester'!B6 -> Análisis y modelado UML incompletos (requisitos poco claros) | C4: ='Matriz Vester'!O6 -> 18 | D4: =INDEX('Matriz Vester'!$C$18:$N$18,1,ROWS($D$4:D4)) -> 5 | E4: =C4*D4 -> 90 | F4: =IF(D4=0,"Exógeno",C4/D4*100) -> 360 | G4: =IF(AND(C4>$C$17,D4>$C$18),"Crítico",IF(C4>$C$17,"Activo",IF(D4>$C$18,"Pasivo","Indiferente"))) -> Activo
A5: ='Matriz Vester'!A7 -> P2 | B5: ='Matriz Vester'!B7 -> Diseño de la base de datos relacional inconsistente (PostgreSQL) | C5: ='Matriz Vester'!O7 -> 15 | D5: =INDEX('Matriz Vester'!$C$18:$N$18,1,ROWS($D$4:D5)) -> 10 | E5: =C5*D5 -> 150 | F5: =IF(D5=0,"Exógeno",C5/D5*100) -> 150 | G5: =IF(AND(C5>$C$17,D5>$C$18),"Crítico",IF(C5>$C$17,"Activo",IF(D5>$C$18,"Pasivo","Indiferente"))) -> Activo
A6: ='Matriz Vester'!A8 -> P3 | B6: ='Matriz Vester'!B8 -> Reglas de negocio mal implementadas (estados, capacidad y reservas) | C6: ='Matriz Vester'!O8 -> 11 | D6: =INDEX('Matriz Vester'!$C$18:$N$18,1,ROWS($D$4:D6)) -> 13 | E6: =C6*D6 -> 143 | F6: =IF(D6=0,"Exógeno",C6/D6*100) -> 84.615385 | G6: =IF(AND(C6>$C$17,D6>$C$18),"Crítico",IF(C6>$C$17,"Activo",IF(D6>$C$18,"Pasivo","Indiferente"))) -> Pasivo
A7: ='Matriz Vester'!A9 -> P4 | B7: ='Matriz Vester'!B9 -> Comunicación deficiente entre frontend, backend y base de datos | C7: ='Matriz Vester'!O9 -> 15 | D7: =INDEX('Matriz Vester'!$C$18:$N$18,1,ROWS($D$4:D7)) -> 14 | E7: =C7*D7 -> 210 | F7: =IF(D7=0,"Exógeno",C7/D7*100) -> 107.14286 | G7: =IF(AND(C7>$C$17,D7>$C$18),"Crítico",IF(C7>$C$17,"Activo",IF(D7>$C$18,"Pasivo","Indiferente"))) -> Crítico
A8: ='Matriz Vester'!A10 -> P5 | B8: ='Matriz Vester'!B10 -> Autenticación, registro y control de acceso por perfil débiles | C8: ='Matriz Vester'!O10 -> 6 | D8: =INDEX('Matriz Vester'!$C$18:$N$18,1,ROWS($D$4:D8)) -> 14 | E8: =C8*D8 -> 84 | F8: =IF(D8=0,"Exógeno",C8/D8*100) -> 42.857143 | G8: =IF(AND(C8>$C$17,D8>$C$18),"Crítico",IF(C8>$C$17,"Activo",IF(D8>$C$18,"Pasivo","Indiferente"))) -> Pasivo
A9: ='Matriz Vester'!A11 -> P6 | B9: ='Matriz Vester'!B11 -> Interfaz de usuario poco usable o no responsiva | C9: ='Matriz Vester'!O11 -> 3 | D9: =INDEX('Matriz Vester'!$C$18:$N$18,1,ROWS($D$4:D9)) -> 15 | E9: =C9*D9 -> 45 | F9: =IF(D9=0,"Exógeno",C9/D9*100) -> 20 | G9: =IF(AND(C9>$C$17,D9>$C$18),"Crítico",IF(C9>$C$17,"Activo",IF(D9>$C$18,"Pasivo","Indiferente"))) -> Pasivo
A10: ='Matriz Vester'!A12 -> P7 | B10: ='Matriz Vester'!B12 -> Dashboard y reportes del administrador incorrectos o incompletos | C10: ='Matriz Vester'!O12 -> 2 | D10: =INDEX('Matriz Vester'!$C$18:$N$18,1,ROWS($D$4:D10)) -> 21 | E10: =C10*D10 -> 42 | F10: =IF(D10=0,"Exógeno",C10/D10*100) -> 9.5238095 | G10: =IF(AND(C10>$C$17,D10>$C$18),"Crítico",IF(C10>$C$17,"Activo",IF(D10>$C$18,"Pasivo","Indiferente"))) -> Pasivo
A11: ='Matriz Vester'!A13 -> P8 | B11: ='Matriz Vester'!B13 -> Mapa con ubicación en tiempo real impreciso o desactualizado | C11: ='Matriz Vester'!O13 -> 2 | D11: =INDEX('Matriz Vester'!$C$18:$N$18,1,ROWS($D$4:D11)) -> 14 | E11: =C11*D11 -> 28 | F11: =IF(D11=0,"Exógeno",C11/D11*100) -> 14.285714 | G11: =IF(AND(C11>$C$17,D11>$C$18),"Crítico",IF(C11>$C$17,"Activo",IF(D11>$C$18,"Pasivo","Indiferente"))) -> Pasivo
A12: ='Matriz Vester'!A14 -> P9 | B12: ='Matriz Vester'!B14 -> Falta de pruebas y validación de datos en los CRUD | C12: ='Matriz Vester'!O14 -> 14 | D12: =INDEX('Matriz Vester'!$C$18:$N$18,1,ROWS($D$4:D12)) -> 16 | E12: =C12*D12 -> 224 | F12: =IF(D12=0,"Exógeno",C12/D12*100) -> 87.5 | G12: =IF(AND(C12>$C$17,D12>$C$18),"Crítico",IF(C12>$C$17,"Activo",IF(D12>$C$18,"Pasivo","Indiferente"))) -> Crítico
A13: ='Matriz Vester'!A15 -> P10 | B13: ='Matriz Vester'!B15 -> Trabajo en equipo y control de versiones (GitHub) deficientes | C13: ='Matriz Vester'!O15 -> 16 | D13: =INDEX('Matriz Vester'!$C$18:$N$18,1,ROWS($D$4:D13)) -> 4 | E13: =C13*D13 -> 64 | F13: =IF(D13=0,"Exógeno",C13/D13*100) -> 400 | G13: =IF(AND(C13>$C$17,D13>$C$18),"Crítico",IF(C13>$C$17,"Activo",IF(D13>$C$18,"Pasivo","Indiferente"))) -> Activo
A14: ='Matriz Vester'!A16 -> P11 | B14: ='Matriz Vester'!B16 -> Planeación y gestión del tiempo insuficientes frente al alcance | C14: ='Matriz Vester'!O16 -> 18 | D14: =INDEX('Matriz Vester'!$C$18:$N$18,1,ROWS($D$4:D14)) -> 13 | E14: =C14*D14 -> 234 | F14: =IF(D14=0,"Exógeno",C14/D14*100) -> 138.46154 | G14: =IF(AND(C14>$C$17,D14>$C$18),"Crítico",IF(C14>$C$17,"Activo",IF(D14>$C$18,"Pasivo","Indiferente"))) -> Crítico
A15: ='Matriz Vester'!A17 -> P12 | B15: ='Matriz Vester'!B17 -> Bajo dominio de las tecnologías del curso (HTML5, CSS, Bootstrap, JS/TS, MVC) | C15: ='Matriz Vester'!O17 -> 21 | D15: =INDEX('Matriz Vester'!$C$18:$N$18,1,ROWS($D$4:D15)) -> 2 | E15: =C15*D15 -> 42 | F15: =IF(D15=0,"Exógeno",C15/D15*100) -> 1050 | G15: =IF(AND(C15>$C$17,D15>$C$18),"Crítico",IF(C15>$C$17,"Activo",IF(D15>$C$18,"Pasivo","Indiferente"))) -> Activo
B17: Umbral de influencia (promedio) | C17: =AVERAGE(C4:C15) -> 11.75
B18: Umbral de dependencia (promedio) | C18: =AVERAGE(D4:D15) -> 11.75
B19: Control: Σ influencia = Σ dependencia | C19: =IF(SUM(C4:C15)=SUM(D4:D15),"OK","Revisar") -> OK
A21: Cómo leerlo: Crítico = influencia y dependencia altas (nodo que recibe y propaga efectos; intervenir con cuidado). Activo = influye mucho y depende poco (causa raíz; atacar primero). Pasivo = depende mucho y influye poco (consecuencia; sirve de indicador). Indiferente = ambas bajas (baja prioridad). El umbral de cada eje es el promedio.
A25: Datos de apoyo del gráfico (no modificar)
A26: Serie | B26: X | C26: Y
A27: Umbral dependencia | B27: =C18 -> 11.75 | C27: 0
A28: Umbral dependencia | B28: =C18 -> 11.75 | C28: 25
A29: Umbral influencia | B29: 0 | C29: =C17 -> 11.75
A30: Umbral influencia | B30: 25 | C30: =C17 -> 11.75
A31: ACTIVOS | B31: 3.25 | C31: 23.75
A32: CRÍTICOS | B32: 21.25 | C32: 23.75
A33: PASIVOS | B33: 21.25 | C33: 1.25
A34: INDIFERENTES | B34: 3.5 | C34: 1.25

Sheet Variables
A1: Descripción de las variables (según el enunciado del proyecto)
A3: Código | B3: Variable | C3: Cómo se manifiesta en el proyecto
A4: ='Matriz Vester'!A6 -> P1 | B4: ='Matriz Vester'!B6 -> Análisis y modelado UML incompletos (requisitos poco claros) | C4: El enunciado exige modelamiento UML del sistema; requisitos ambiguos o diagramas incompletos generan errores en todo el desarrollo posterior.
A5: ='Matriz Vester'!A7 -> P2 | B5: ='Matriz Vester'!B7 -> Diseño de la base de datos relacional inconsistente (PostgreSQL) | C5: Tablas de personas, clientes, agentes, administradores, eventos, reservas, países, departamentos y ciudades con claves y relaciones mal definidas.
A6: ='Matriz Vester'!A8 -> P3 | B6: ='Matriz Vester'!B8 -> Reglas de negocio mal implementadas (estados, capacidad y reservas) | C6: Estados del evento (Programado, En Boletería, En Vivo, Finalizado, Cancelado) y de la reserva (Reservada, Confirmada, Cancelada), capacidad y valor de la reserva mal controlados.
A7: ='Matriz Vester'!A9 -> P4 | B7: ='Matriz Vester'!B9 -> Comunicación deficiente entre frontend, backend y base de datos | C7: La aplicación con patrón MVC debe conectarse al backend y a la base de datos mediante un modelo de comunicación; si falla, se rompen consultas y operaciones CRUD.
A8: ='Matriz Vester'!A10 -> P5 | B8: ='Matriz Vester'!B10 -> Autenticación, registro y control de acceso por perfil débiles | C8: Inicio de sesión con correo y contraseña, registro de clientes y agentes y vistas propias por perfil: si el control de acceso falla, un usuario ve o modifica lo que no debe.
A9: ='Matriz Vester'!A11 -> P6 | B9: ='Matriz Vester'!B11 -> Interfaz de usuario poco usable o no responsiva | C9: Interfaz hecha con HTML5, CSS, Bootstrap, JavaScript y TypeScript que no es clara, no se adapta a distintos dispositivos o es inconsistente entre perfiles.
A10: ='Matriz Vester'!A12 -> P7 | B10: ='Matriz Vester'!B12 -> Dashboard y reportes del administrador incorrectos o incompletos | C10: Reportes solo para administradores (registros, ingresos por mes, reservas por evento, cancelaciones con causa, cobertura) y estadísticas con datos erróneos o incompletos.
A11: ='Matriz Vester'!A13 -> P8 | B11: ='Matriz Vester'!B13 -> Mapa con ubicación en tiempo real impreciso o desactualizado | C11: El mapa con ubicación en tiempo real depende de datos de ubicación (ciudad, teatro) correctos y actualizados de cada evento.
A12: ='Matriz Vester'!A14 -> P9 | B12: ='Matriz Vester'!B14 -> Falta de pruebas y validación de datos en los CRUD | C12: CRUD de nueve entidades sin validación de datos ni pruebas produce errores, datos inconsistentes y fallas en los reportes.
A13: ='Matriz Vester'!A15 -> P10 | B13: ='Matriz Vester'!B15 -> Trabajo en equipo y control de versiones (GitHub) deficientes | C13: Máximo cuatro integrantes con repositorio en GitHub: participación desigual y conflictos de versiones; además, la sustentación es individual.
A14: ='Matriz Vester'!A16 -> P11 | B14: ='Matriz Vester'!B16 -> Planeación y gestión del tiempo insuficientes frente al alcance | C14: Alcance amplio (CRUD, perfiles, reportes, mapa) con entregas por cortes: una mala planeación deja funciones sin terminar.
A15: ='Matriz Vester'!A17 -> P12 | B15: ='Matriz Vester'!B17 -> Bajo dominio de las tecnologías del curso (HTML5, CSS, Bootstrap, JS/TS, MVC) | C15: El curso exige manejar HTML5, CSS, Bootstrap, JavaScript, TypeScript, MVC y PostgreSQL; los vacíos de conocimiento retrasan y bajan la calidad del trabajo.
